-- phpMyAdmin SQL Dump
-- version 4.8.4
-- https://www.phpmyadmin.net/
--
-- Servidor: 127.0.0.1
-- Tiempo de generación: 03-01-2020 a las 03:06:45
-- Versión del servidor: 10.1.37-MariaDB
-- Versión de PHP: 5.6.40

SET SQL_MODE = "NO_AUTO_VALUE_ON_ZERO";
SET AUTOCOMMIT = 0;
START TRANSACTION;
SET time_zone = "+00:00";


/*!40101 SET @OLD_CHARACTER_SET_CLIENT=@@CHARACTER_SET_CLIENT */;
/*!40101 SET @OLD_CHARACTER_SET_RESULTS=@@CHARACTER_SET_RESULTS */;
/*!40101 SET @OLD_COLLATION_CONNECTION=@@COLLATION_CONNECTION */;
/*!40101 SET NAMES utf8mb4 */;

--
-- Base de datos: `sistema_contable`
--

-- --------------------------------------------------------

--
-- Estructura de tabla para la tabla `compras`
--

CREATE TABLE `compras` (
  `id_comp` int(11) NOT NULL,
  `cantidad_Comprada` int(11) DEFAULT NULL,
  `precioTotal` decimal(7,1) DEFAULT NULL,
  `fecha` date DEFAULT NULL,
  `productos_id_prod` int(11) NOT NULL,
  `proveedor_id_prov` int(11) NOT NULL,
  `propietario_id_prop` int(11) NOT NULL
) ENGINE=InnoDB DEFAULT CHARSET=utf8;

--
-- Volcado de datos para la tabla `compras`
--

INSERT INTO `compras` (`id_comp`, `cantidad_Comprada`, `precioTotal`, `fecha`, `productos_id_prod`, `proveedor_id_prov`, `propietario_id_prop`) VALUES
(1, 33, '288.3', '2017-04-16', 41, 1, 1),
(2, 13, '283.3', '2017-04-03', 30, 4, 1),
(3, 25, '223.8', '2017-10-05', 11, 3, 1),
(4, 35, '323.6', '2019-05-01', 17, 1, 1),
(5, 32, '24.4', '2018-05-03', 33, 3, 1),
(6, 36, '282.2', '2017-08-25', 31, 1, 1),
(7, 25, '38.8', '2017-02-07', 11, 1, 1),
(8, 23, '148.1', '2017-09-21', 3, 2, 1),
(9, 10, '316.5', '2018-08-03', 12, 2, 1),
(10, 27, '144.7', '2017-07-01', 34, 3, 1),
(11, 20, '175.7', '2016-09-11', 12, 2, 1),
(12, 40, '275.6', '2017-08-25', 24, 4, 1),
(13, 40, '247.7', '2018-12-23', 28, 3, 1),
(14, 36, '103.7', '2018-03-14', 26, 1, 1),
(15, 10, '136.6', '2017-12-16', 4, 2, 1),
(16, 40, '254.4', '2017-09-14', 13, 3, 1),
(17, 21, '327.2', '2016-01-24', 18, 3, 1),
(18, 21, '256.7', '2018-09-03', 20, 1, 1),
(19, 38, '25.1', '2016-09-08', 34, 2, 1),
(20, 39, '343.3', '2017-07-28', 28, 2, 1),
(21, 39, '88.2', '2017-10-06', 38, 2, 1),
(22, 34, '12.6', '2019-04-13', 30, 1, 1),
(23, 16, '52.1', '2018-02-27', 46, 4, 1),
(24, 27, '261.3', '2019-05-15', 36, 3, 1),
(25, 21, '337.1', '2019-11-18', 3, 4, 1),
(26, 7, '218.6', '2019-12-31', 17, 1, 1),
(27, 10, '269.9', '2019-09-05', 12, 3, 1),
(28, 12, '59.7', '2018-06-16', 48, 4, 1),
(29, 18, '110.4', '2017-09-01', 50, 1, 1),
(30, 38, '227.2', '2017-07-25', 45, 4, 1),
(31, 21, '67.0', '2018-08-27', 12, 3, 1),
(32, 23, '99.2', '2017-01-30', 29, 1, 1),
(33, 12, '251.3', '2017-07-12', 9, 2, 1),
(34, 14, '114.0', '2017-05-23', 16, 3, 1),
(35, 40, '82.7', '2019-07-15', 3, 1, 1),
(36, 13, '77.4', '2016-12-02', 14, 2, 1),
(37, 24, '288.1', '2016-04-12', 21, 2, 1),
(38, 14, '293.5', '2016-08-15', 35, 1, 1),
(39, 2, '65.8', '2018-06-29', 24, 3, 1),
(40, 17, '163.8', '2019-07-07', 40, 4, 1),
(41, 28, '340.4', '2017-07-29', 32, 3, 1),
(42, 31, '259.1', '2016-07-04', 6, 3, 1),
(43, 10, '135.5', '2017-03-02', 26, 4, 1),
(44, 4, '234.4', '2018-02-20', 26, 1, 1),
(45, 14, '153.6', '2017-06-12', 21, 3, 1),
(46, 24, '262.7', '2016-02-28', 46, 4, 1),
(47, 14, '10.5', '2019-05-01', 24, 1, 1),
(48, 37, '207.1', '2019-06-07', 9, 1, 1),
(49, 8, '271.6', '2017-09-23', 34, 2, 1),
(50, 35, '160.2', '2016-08-09', 15, 4, 1),
(51, 30, '144.3', '2019-03-28', 7, 2, 1),
(52, 6, '87.6', '2019-06-24', 9, 4, 1),
(53, 30, '43.9', '2019-08-06', 15, 4, 1),
(54, 14, '124.1', '2018-02-16', 36, 2, 1),
(55, 24, '237.9', '2017-10-11', 2, 1, 1),
(56, 3, '113.8', '2018-05-03', 15, 2, 1),
(57, 17, '178.4', '2017-11-10', 17, 4, 1),
(58, 14, '292.0', '2016-11-06', 11, 1, 1),
(59, 14, '106.9', '2016-11-03', 16, 1, 1),
(60, 3, '243.6', '2016-04-21', 27, 3, 1),
(61, 10, '115.8', '2018-10-10', 8, 3, 1),
(62, 23, '68.0', '2018-11-08', 1, 4, 1),
(63, 19, '95.5', '2019-07-30', 22, 3, 1),
(64, 30, '347.0', '2018-01-16', 43, 3, 1),
(65, 35, '281.8', '2016-09-25', 6, 3, 1),
(66, 4, '15.5', '2019-05-16', 18, 2, 1),
(67, 19, '128.7', '2017-06-25', 19, 2, 1),
(68, 16, '228.8', '2017-05-29', 11, 4, 1),
(69, 39, '110.6', '2018-10-03', 7, 4, 1),
(70, 15, '263.1', '2017-01-28', 19, 2, 1),
(71, 9, '86.4', '2018-08-23', 43, 2, 1),
(72, 25, '255.3', '2017-06-01', 21, 3, 1),
(73, 1, '37.0', '2017-12-24', 26, 2, 1),
(74, 22, '234.1', '2018-05-09', 6, 1, 1),
(75, 1, '263.3', '2019-08-29', 42, 2, 1),
(76, 16, '330.7', '2018-05-24', 8, 2, 1),
(77, 6, '115.0', '2019-10-24', 7, 1, 1),
(78, 35, '116.8', '2018-01-18', 11, 3, 1),
(79, 22, '155.8', '2019-07-06', 30, 2, 1),
(80, 31, '84.8', '2017-08-31', 13, 3, 1),
(81, 9, '72.3', '2016-04-07', 34, 3, 1),
(82, 14, '116.1', '2017-10-30', 42, 3, 1),
(83, 32, '199.0', '2016-07-01', 46, 4, 1),
(84, 33, '118.2', '2017-09-30', 11, 4, 1),
(85, 36, '186.1', '2019-09-10', 4, 3, 1),
(86, 39, '296.8', '2018-04-18', 19, 2, 1),
(87, 36, '122.8', '2017-05-11', 28, 2, 1),
(88, 38, '100.6', '2016-02-23', 44, 4, 1),
(89, 26, '168.2', '2016-05-06', 1, 4, 1),
(90, 35, '68.6', '2017-02-23', 19, 2, 1),
(91, 20, '287.7', '2018-08-06', 21, 3, 1),
(92, 19, '61.8', '2017-02-26', 27, 2, 1),
(93, 38, '241.7', '2018-10-29', 3, 3, 1),
(94, 9, '105.3', '2019-06-11', 41, 4, 1),
(95, 20, '153.4', '2016-08-09', 14, 2, 1),
(96, 39, '263.6', '2018-02-07', 36, 1, 1),
(97, 23, '209.6', '2018-11-14', 7, 3, 1),
(98, 33, '57.9', '2019-10-18', 33, 2, 1),
(99, 6, '340.1', '2018-07-09', 37, 3, 1),
(100, 16, '224.2', '2017-09-06', 33, 3, 1),
(101, 24, '139.4', '2017-10-04', 10, 1, 1),
(102, 36, '267.9', '2017-10-23', 29, 3, 1),
(103, 18, '268.7', '2016-11-02', 34, 4, 1),
(104, 16, '184.4', '2019-08-25', 34, 2, 1),
(105, 34, '223.3', '2017-11-30', 38, 2, 1),
(106, 9, '346.1', '2016-01-01', 15, 1, 1),
(107, 28, '304.6', '2017-06-05', 37, 3, 1),
(108, 39, '26.5', '2017-10-16', 24, 1, 1),
(109, 2, '20.8', '2017-07-09', 14, 4, 1),
(110, 25, '300.8', '2018-11-01', 41, 4, 1),
(111, 13, '347.1', '2019-02-23', 22, 2, 1),
(112, 25, '68.8', '2016-11-02', 15, 2, 1),
(113, 21, '211.1', '2019-11-08', 28, 4, 1),
(114, 15, '104.2', '2019-02-03', 14, 3, 1),
(115, 31, '141.4', '2018-08-06', 39, 2, 1),
(116, 33, '277.9', '2019-08-01', 16, 4, 1),
(117, 16, '130.3', '2018-05-22', 19, 1, 1),
(118, 25, '16.7', '2016-08-11', 41, 3, 1),
(119, 35, '40.5', '2018-12-01', 49, 2, 1),
(120, 1, '321.2', '2017-06-23', 35, 1, 1),
(121, 32, '91.3', '2018-07-14', 31, 4, 1),
(122, 20, '153.3', '2016-12-02', 29, 3, 1),
(123, 19, '77.6', '2018-07-03', 34, 4, 1),
(124, 4, '179.5', '2016-06-27', 45, 2, 1),
(125, 31, '345.2', '2019-02-07', 45, 4, 1),
(126, 28, '272.1', '2016-11-08', 21, 3, 1),
(127, 12, '119.3', '2019-07-23', 32, 4, 1),
(128, 36, '85.2', '2016-01-31', 45, 4, 1),
(129, 2, '295.7', '2019-09-29', 35, 4, 1),
(130, 1, '91.1', '2018-05-03', 27, 1, 1),
(131, 10, '127.6', '2017-08-22', 27, 1, 1),
(132, 15, '143.4', '2017-07-05', 3, 3, 1),
(133, 33, '74.7', '2018-11-11', 12, 1, 1),
(134, 25, '246.3', '2016-03-29', 37, 4, 1),
(135, 37, '71.6', '2019-01-26', 5, 2, 1),
(136, 7, '133.8', '2018-08-01', 42, 4, 1),
(137, 36, '11.5', '2016-03-11', 36, 1, 1),
(138, 14, '220.8', '2018-03-22', 22, 3, 1),
(139, 37, '199.0', '2017-06-18', 39, 4, 1),
(140, 15, '266.1', '2016-08-13', 16, 3, 1),
(141, 7, '302.0', '2017-08-02', 10, 3, 1),
(142, 26, '340.8', '2018-05-22', 33, 4, 1),
(143, 28, '99.4', '2018-10-12', 23, 2, 1),
(144, 25, '148.4', '2019-05-10', 4, 1, 1),
(145, 15, '236.3', '2017-10-04', 14, 2, 1),
(146, 11, '344.7', '2018-05-12', 48, 4, 1),
(147, 38, '147.7', '2017-09-14', 29, 4, 1),
(148, 19, '80.5', '2019-12-13', 29, 1, 1),
(149, 12, '145.8', '2017-08-29', 27, 4, 1),
(150, 19, '89.8', '2019-08-16', 4, 3, 1),
(151, 23, '299.8', '2016-07-03', 9, 3, 1),
(152, 27, '91.3', '2017-12-12', 37, 4, 1),
(153, 11, '233.0', '2019-07-03', 47, 1, 1),
(154, 27, '61.8', '2018-04-28', 1, 3, 1),
(155, 4, '201.1', '2019-02-16', 23, 1, 1),
(156, 28, '215.0', '2018-04-17', 38, 1, 1),
(157, 19, '213.1', '2018-06-22', 11, 1, 1),
(158, 35, '29.0', '2019-02-19', 39, 4, 1),
(159, 26, '50.9', '2017-03-22', 47, 4, 1),
(160, 23, '139.6', '2017-12-14', 9, 3, 1),
(161, 18, '322.4', '2018-12-18', 42, 3, 1),
(162, 31, '129.6', '2016-02-27', 26, 4, 1),
(163, 38, '322.0', '2018-12-28', 16, 3, 1),
(164, 6, '81.1', '2019-10-21', 14, 2, 1),
(165, 23, '142.0', '2017-12-23', 27, 1, 1),
(166, 1, '150.2', '2017-09-15', 33, 2, 1),
(167, 19, '180.1', '2019-06-17', 16, 2, 1),
(168, 33, '176.5', '2016-03-14', 39, 3, 1),
(169, 3, '198.6', '2016-09-04', 48, 3, 1),
(170, 30, '221.4', '2017-08-24', 15, 3, 1),
(171, 38, '48.7', '2018-06-26', 11, 3, 1),
(172, 22, '329.6', '2017-12-07', 46, 1, 1),
(173, 32, '106.5', '2017-05-24', 27, 1, 1),
(174, 32, '103.0', '2019-12-22', 4, 2, 1),
(175, 7, '268.3', '2016-09-09', 21, 2, 1),
(176, 27, '346.2', '2017-04-29', 44, 3, 1),
(177, 2, '44.4', '2017-05-13', 43, 2, 1),
(178, 12, '170.6', '2017-11-09', 47, 1, 1),
(179, 18, '101.1', '2018-09-15', 1, 2, 1),
(180, 35, '343.6', '2018-04-10', 49, 4, 1),
(181, 38, '134.4', '2017-08-16', 1, 4, 1),
(182, 30, '307.9', '2017-04-15', 44, 1, 1),
(183, 21, '242.3', '2018-10-30', 31, 4, 1),
(184, 22, '116.1', '2017-10-22', 10, 1, 1),
(185, 7, '77.7', '2016-05-16', 45, 1, 1),
(186, 33, '132.3', '2018-10-28', 7, 2, 1),
(187, 36, '171.3', '2018-05-23', 1, 2, 1),
(188, 26, '291.8', '2018-07-16', 44, 2, 1),
(189, 26, '41.0', '2019-05-03', 49, 1, 1),
(190, 2, '345.7', '2018-11-13', 14, 4, 1),
(191, 28, '323.2', '2016-10-25', 44, 1, 1),
(192, 24, '282.9', '2018-10-30', 4, 4, 1),
(193, 35, '120.6', '2017-07-27', 4, 2, 1),
(194, 34, '230.0', '2018-02-13', 41, 2, 1),
(195, 9, '81.5', '2016-03-22', 9, 1, 1),
(196, 21, '130.3', '2016-12-31', 7, 1, 1),
(197, 28, '337.8', '2018-07-27', 17, 4, 1),
(198, 26, '113.7', '2017-08-31', 10, 3, 1),
(199, 17, '152.6', '2017-01-21', 11, 1, 1),
(200, 39, '340.4', '2018-08-16', 26, 3, 1),
(201, 21, '135.9', '2017-10-30', 10, 1, 1),
(202, 11, '198.6', '2017-12-03', 2, 4, 1),
(203, 29, '348.9', '2019-04-21', 48, 2, 1),
(204, 14, '254.6', '2019-04-19', 26, 4, 1),
(205, 23, '337.0', '2016-07-11', 33, 3, 1),
(206, 40, '282.5', '2018-07-28', 1, 1, 1),
(207, 10, '52.5', '2018-10-15', 36, 1, 1),
(208, 33, '298.5', '2016-06-08', 48, 2, 1),
(209, 7, '100.7', '2019-01-06', 14, 1, 1),
(210, 30, '120.5', '2019-02-10', 9, 3, 1),
(211, 16, '52.3', '2019-05-03', 29, 4, 1),
(212, 38, '214.3', '2019-04-10', 11, 3, 1),
(213, 33, '77.7', '2018-08-20', 19, 2, 1),
(214, 8, '135.0', '2017-05-11', 46, 2, 1),
(215, 11, '194.9', '2018-10-19', 48, 4, 1),
(216, 8, '96.3', '2019-08-13', 40, 1, 1),
(217, 21, '276.9', '2018-11-25', 28, 1, 1),
(218, 5, '90.7', '2018-06-08', 39, 2, 1),
(219, 30, '37.5', '2016-02-07', 6, 4, 1),
(220, 16, '10.7', '2016-03-21', 35, 4, 1),
(221, 27, '129.6', '2018-08-04', 41, 1, 1),
(222, 12, '269.7', '2019-10-06', 45, 4, 1),
(223, 2, '277.6', '2018-05-21', 1, 1, 1),
(224, 25, '63.2', '2018-04-11', 22, 3, 1),
(225, 6, '318.7', '2016-11-13', 37, 3, 1),
(226, 34, '278.2', '2018-05-24', 13, 4, 1),
(227, 18, '281.0', '2018-01-14', 29, 4, 1),
(228, 4, '108.1', '2017-01-18', 32, 3, 1),
(229, 4, '162.7', '2016-01-14', 15, 1, 1),
(230, 3, '270.2', '2017-06-01', 35, 1, 1),
(231, 12, '243.1', '2017-10-10', 31, 3, 1),
(232, 33, '183.9', '2018-04-22', 14, 4, 1),
(233, 17, '69.8', '2017-04-12', 15, 1, 1),
(234, 37, '121.8', '2018-02-13', 43, 3, 1),
(235, 35, '140.3', '2018-08-26', 34, 3, 1),
(236, 35, '224.6', '2017-02-06', 20, 4, 1),
(237, 29, '20.0', '2019-04-04', 38, 4, 1),
(238, 25, '89.4', '2018-04-16', 9, 3, 1),
(239, 39, '210.7', '2018-07-30', 34, 4, 1),
(240, 39, '79.4', '2018-07-30', 17, 4, 1),
(241, 24, '255.3', '2016-11-08', 42, 4, 1),
(242, 6, '303.5', '2018-08-24', 38, 4, 1),
(243, 12, '251.0', '2017-03-11', 24, 2, 1),
(244, 34, '205.6', '2017-06-02', 36, 4, 1),
(245, 26, '127.8', '2016-11-16', 1, 1, 1),
(246, 24, '33.8', '2019-02-23', 1, 2, 1),
(247, 13, '311.9', '2018-06-14', 15, 2, 1),
(248, 26, '276.1', '2018-09-12', 13, 2, 1),
(249, 1, '222.4', '2016-09-27', 33, 1, 1),
(250, 40, '112.3', '2018-09-15', 2, 3, 1),
(251, 26, '331.2', '2016-04-27', 8, 4, 1),
(252, 2, '19.6', '2016-10-11', 5, 1, 1),
(253, 25, '142.6', '2018-02-19', 17, 1, 1),
(254, 13, '329.5', '2018-07-30', 18, 4, 1),
(255, 9, '297.4', '2019-07-28', 5, 3, 1),
(256, 7, '28.4', '2019-04-25', 1, 3, 1),
(257, 39, '192.4', '2019-03-26', 43, 1, 1),
(258, 35, '209.0', '2016-05-30', 1, 3, 1),
(259, 28, '206.9', '2019-02-03', 26, 3, 1),
(260, 30, '88.9', '2016-08-04', 2, 1, 1),
(261, 32, '263.9', '2016-11-04', 27, 2, 1),
(262, 38, '281.5', '2017-08-15', 22, 4, 1),
(263, 20, '10.5', '2019-11-09', 30, 2, 1),
(264, 5, '283.8', '2017-05-20', 20, 3, 1),
(265, 9, '312.1', '2017-08-16', 35, 3, 1),
(266, 1, '347.6', '2016-07-10', 7, 4, 1),
(267, 38, '206.3', '2018-10-29', 31, 4, 1),
(268, 14, '196.5', '2018-12-24', 26, 1, 1),
(269, 27, '144.3', '2019-06-19', 2, 1, 1),
(270, 35, '309.1', '2019-03-06', 45, 3, 1),
(271, 35, '182.2', '2019-02-20', 23, 2, 1),
(272, 20, '50.9', '2016-11-01', 13, 2, 1),
(273, 14, '124.0', '2018-08-20', 32, 1, 1),
(274, 31, '276.7', '2019-01-02', 16, 1, 1),
(275, 27, '180.1', '2017-07-28', 47, 2, 1),
(276, 33, '246.1', '2017-06-16', 47, 4, 1),
(277, 22, '69.2', '2018-01-04', 23, 1, 1),
(278, 3, '98.4', '2016-05-20', 38, 2, 1),
(279, 18, '83.7', '2019-06-07', 10, 1, 1),
(280, 33, '42.2', '2019-05-23', 48, 3, 1),
(281, 11, '112.0', '2019-07-07', 30, 2, 1),
(282, 11, '260.2', '2019-03-28', 29, 1, 1),
(283, 38, '186.5', '2016-01-07', 5, 2, 1),
(284, 22, '164.9', '2016-10-25', 8, 2, 1),
(285, 13, '302.4', '2016-11-21', 4, 2, 1),
(286, 3, '341.9', '2018-09-07', 32, 2, 1),
(287, 11, '173.0', '2017-01-18', 22, 4, 1),
(288, 29, '154.7', '2016-07-15', 23, 3, 1),
(289, 36, '178.3', '2019-03-05', 39, 4, 1),
(290, 6, '251.0', '2016-11-13', 35, 2, 1),
(291, 5, '236.1', '2016-09-09', 45, 2, 1),
(292, 26, '308.7', '2017-07-31', 10, 2, 1),
(293, 21, '71.3', '2018-08-21', 30, 2, 1),
(294, 9, '115.8', '2018-01-09', 13, 4, 1),
(295, 15, '24.6', '2019-04-16', 4, 2, 1),
(296, 40, '78.0', '2016-01-16', 1, 2, 1),
(297, 26, '37.3', '2017-12-28', 26, 4, 1),
(298, 10, '135.2', '2016-05-05', 43, 4, 1),
(299, 30, '218.5', '2016-11-26', 2, 1, 1),
(300, 28, '349.9', '2019-11-18', 20, 4, 1),
(301, 9, '115.0', '2017-10-10', 21, 4, 1),
(302, 8, '252.0', '2017-04-18', 16, 4, 1),
(303, 7, '56.2', '2016-09-11', 37, 2, 1),
(304, 19, '314.0', '2019-02-23', 18, 4, 1),
(305, 27, '109.3', '2019-05-10', 5, 2, 1),
(306, 23, '19.4', '2017-11-02', 18, 1, 1),
(307, 17, '163.4', '2018-09-27', 18, 2, 1),
(308, 14, '198.0', '2019-09-06', 36, 2, 1),
(309, 25, '273.5', '2016-05-14', 34, 3, 1),
(310, 37, '231.8', '2019-09-22', 47, 3, 1),
(311, 18, '64.7', '2019-12-28', 10, 2, 1),
(312, 13, '243.8', '2017-09-10', 22, 4, 1),
(313, 29, '113.9', '2016-09-17', 20, 4, 1),
(314, 28, '158.9', '2017-10-09', 37, 4, 1),
(315, 12, '221.0', '2017-03-30', 26, 1, 1),
(316, 36, '92.7', '2016-07-07', 28, 4, 1),
(317, 34, '73.9', '2019-07-11', 6, 3, 1),
(318, 19, '34.0', '2017-08-07', 33, 2, 1),
(319, 15, '139.1', '2016-03-17', 45, 3, 1),
(320, 30, '96.0', '2016-09-12', 44, 2, 1),
(321, 28, '230.3', '2019-12-06', 36, 4, 1),
(322, 9, '101.8', '2017-06-08', 1, 2, 1),
(323, 20, '327.1', '2018-03-12', 16, 2, 1),
(324, 19, '336.8', '2017-08-06', 28, 1, 1),
(325, 31, '194.1', '2017-06-20', 20, 4, 1),
(326, 21, '249.7', '2016-07-13', 11, 2, 1),
(327, 20, '108.3', '2018-04-13', 39, 3, 1),
(328, 35, '123.1', '2017-08-05', 6, 3, 1),
(329, 7, '80.9', '2017-12-26', 15, 2, 1),
(330, 25, '46.4', '2018-02-10', 8, 1, 1),
(331, 28, '124.0', '2018-05-03', 33, 2, 1),
(332, 38, '175.6', '2017-01-12', 15, 3, 1),
(333, 36, '198.2', '2018-02-21', 29, 3, 1),
(334, 35, '82.7', '2019-07-25', 47, 1, 1),
(335, 16, '95.5', '2017-07-30', 32, 1, 1),
(336, 25, '315.8', '2016-07-11', 33, 2, 1),
(337, 3, '283.3', '2016-10-31', 16, 1, 1),
(338, 9, '79.1', '2019-08-31', 39, 3, 1),
(339, 7, '116.7', '2019-10-17', 24, 3, 1),
(340, 25, '121.7', '2018-03-02', 13, 1, 1),
(341, 23, '253.6', '2018-04-01', 31, 3, 1),
(342, 1, '119.4', '2019-11-20', 26, 4, 1),
(343, 22, '24.9', '2018-01-24', 21, 3, 1),
(344, 5, '297.2', '2018-11-21', 19, 1, 1),
(345, 19, '177.7', '2017-12-09', 42, 4, 1),
(346, 38, '151.1', '2019-10-16', 37, 3, 1),
(347, 5, '75.7', '2016-04-23', 12, 1, 1),
(348, 1, '330.0', '2018-06-20', 48, 4, 1),
(349, 37, '91.3', '2017-03-19', 1, 3, 1),
(350, 18, '320.1', '2018-03-05', 20, 3, 1),
(351, 7, '168.8', '2019-05-25', 31, 4, 1),
(352, 14, '178.5', '2019-05-09', 48, 2, 1),
(353, 32, '235.9', '2019-01-13', 28, 4, 1),
(354, 20, '236.3', '2019-03-26', 22, 2, 1),
(355, 13, '345.7', '2019-08-20', 43, 2, 1),
(356, 2, '33.9', '2018-06-28', 47, 2, 1),
(357, 29, '279.5', '2017-04-21', 3, 3, 1),
(358, 22, '144.3', '2016-03-05', 29, 1, 1),
(359, 25, '119.0', '2018-04-18', 33, 3, 1),
(360, 38, '288.4', '2016-08-10', 20, 3, 1),
(361, 30, '165.0', '2019-08-20', 37, 4, 1),
(362, 10, '29.1', '2017-12-23', 2, 1, 1),
(363, 33, '133.6', '2017-04-20', 41, 2, 1),
(364, 19, '56.7', '2019-05-12', 30, 3, 1),
(365, 25, '273.9', '2016-08-31', 14, 3, 1),
(366, 28, '26.8', '2017-11-30', 33, 4, 1),
(367, 28, '308.7', '2016-07-16', 42, 3, 1),
(368, 27, '238.2', '2018-03-20', 45, 1, 1),
(369, 4, '92.2', '2016-11-08', 29, 2, 1),
(370, 24, '143.6', '2018-08-22', 42, 4, 1),
(371, 38, '194.9', '2017-12-21', 38, 2, 1),
(372, 26, '240.9', '2019-06-13', 50, 1, 1),
(373, 12, '275.4', '2018-02-15', 3, 3, 1),
(374, 19, '78.1', '2018-02-25', 46, 4, 1),
(375, 26, '18.7', '2017-03-27', 41, 2, 1),
(376, 33, '65.9', '2018-12-05', 37, 2, 1),
(377, 39, '158.5', '2018-10-16', 12, 3, 1),
(378, 11, '82.0', '2017-12-09', 7, 4, 1),
(379, 31, '67.2', '2019-05-24', 17, 2, 1),
(380, 40, '302.7', '2016-08-31', 1, 4, 1),
(381, 10, '156.0', '2019-09-14', 9, 2, 1),
(382, 31, '135.3', '2019-10-15', 3, 2, 1),
(383, 25, '87.7', '2017-09-21', 29, 2, 1),
(384, 29, '30.2', '2018-08-07', 42, 3, 1),
(385, 17, '166.3', '2016-11-21', 43, 3, 1),
(386, 6, '112.9', '2017-10-11', 42, 1, 1),
(387, 32, '163.1', '2016-11-19', 43, 2, 1),
(388, 4, '111.5', '2018-11-11', 36, 1, 1),
(389, 12, '19.8', '2018-11-30', 27, 2, 1),
(390, 16, '30.3', '2017-05-29', 14, 1, 1),
(391, 29, '153.4', '2019-11-14', 15, 2, 1),
(392, 18, '33.3', '2017-06-13', 37, 4, 1),
(393, 27, '101.6', '2018-10-29', 44, 2, 1),
(394, 10, '241.1', '2016-10-05', 16, 2, 1),
(395, 16, '65.6', '2017-07-19', 10, 2, 1),
(396, 29, '64.2', '2016-07-06', 6, 1, 1),
(397, 2, '164.5', '2019-07-12', 50, 1, 1),
(398, 6, '310.6', '2016-12-12', 1, 4, 1),
(399, 27, '157.7', '2018-12-16', 33, 4, 1),
(400, 33, '19.9', '2018-09-13', 3, 1, 1),
(401, 31, '148.0', '2017-01-13', 7, 4, 1),
(402, 23, '24.8', '2018-07-10', 4, 4, 1),
(403, 1, '192.3', '2018-06-11', 15, 1, 1),
(404, 29, '230.4', '2019-03-14', 44, 3, 1),
(405, 8, '158.5', '2016-12-12', 22, 4, 1),
(406, 6, '318.3', '2018-12-18', 8, 2, 1),
(407, 30, '187.6', '2016-09-28', 46, 1, 1),
(408, 26, '201.9', '2017-11-22', 20, 4, 1),
(409, 14, '178.3', '2018-03-22', 10, 2, 1),
(410, 5, '163.6', '2016-07-01', 35, 4, 1),
(411, 35, '57.2', '2018-01-27', 29, 2, 1),
(412, 18, '226.4', '2018-05-16', 21, 1, 1),
(413, 36, '285.6', '2019-04-05', 1, 1, 1),
(414, 27, '133.1', '2016-04-07', 4, 4, 1),
(415, 10, '186.0', '2017-12-23', 39, 4, 1),
(416, 35, '46.5', '2018-11-04', 13, 3, 1),
(417, 29, '20.5', '2016-07-05', 9, 1, 1),
(418, 32, '262.7', '2016-06-17', 37, 1, 1),
(419, 33, '175.6', '2018-12-24', 44, 1, 1),
(420, 37, '149.4', '2017-09-05', 27, 3, 1),
(421, 4, '97.7', '2018-06-14', 31, 3, 1),
(422, 19, '301.4', '2017-02-12', 46, 1, 1),
(423, 13, '65.7', '2019-01-13', 45, 1, 1),
(424, 4, '315.9', '2017-09-05', 34, 1, 1),
(425, 6, '68.8', '2016-01-29', 35, 4, 1),
(426, 40, '114.4', '2016-03-31', 6, 1, 1),
(427, 34, '107.8', '2017-11-18', 20, 4, 1),
(428, 1, '43.1', '2017-03-13', 22, 4, 1),
(429, 22, '23.6', '2018-11-19', 50, 4, 1),
(430, 19, '210.8', '2016-02-22', 1, 3, 1),
(431, 15, '178.5', '2019-03-25', 7, 3, 1),
(432, 24, '330.8', '2016-01-03', 49, 3, 1),
(433, 5, '228.0', '2018-12-10', 4, 4, 1),
(434, 21, '228.9', '2018-12-19', 46, 2, 1),
(435, 19, '275.6', '2019-02-03', 37, 3, 1),
(436, 13, '215.8', '2018-08-25', 31, 3, 1),
(437, 10, '238.6', '2018-10-29', 6, 2, 1),
(438, 18, '58.1', '2016-05-17', 38, 4, 1),
(439, 28, '192.4', '2016-06-11', 10, 2, 1),
(440, 31, '13.3', '2018-08-08', 48, 2, 1),
(441, 15, '171.7', '2017-05-11', 2, 1, 1),
(442, 15, '130.5', '2019-09-28', 15, 3, 1),
(443, 9, '93.8', '2018-07-04', 8, 4, 1),
(444, 20, '46.8', '2017-04-18', 10, 3, 1),
(445, 35, '315.9', '2017-07-13', 3, 3, 1),
(446, 17, '82.3', '2018-08-24', 13, 4, 1),
(447, 35, '173.8', '2019-05-01', 11, 3, 1),
(448, 34, '94.5', '2019-02-20', 14, 4, 1),
(449, 7, '144.0', '2017-10-23', 35, 1, 1),
(450, 8, '211.5', '2018-03-11', 28, 3, 1),
(451, 22, '40.4', '2017-10-15', 12, 3, 1),
(452, 33, '113.7', '2017-09-24', 21, 4, 1),
(453, 11, '18.8', '2019-07-04', 20, 2, 1),
(454, 18, '313.7', '2017-04-06', 47, 1, 1),
(455, 22, '99.2', '2018-05-23', 49, 2, 1),
(456, 8, '144.4', '2016-10-10', 11, 1, 1),
(457, 20, '137.2', '2018-05-25', 48, 4, 1),
(458, 37, '120.8', '2018-08-08', 12, 4, 1),
(459, 37, '279.9', '2019-11-04', 41, 1, 1),
(460, 39, '249.8', '2019-05-21', 16, 2, 1),
(461, 39, '88.0', '2018-04-18', 35, 3, 1),
(462, 35, '229.6', '2017-11-07', 50, 4, 1),
(463, 38, '341.0', '2017-12-08', 42, 4, 1),
(464, 32, '332.4', '2017-05-20', 30, 3, 1),
(465, 8, '272.5', '2019-03-05', 28, 3, 1),
(466, 14, '184.6', '2016-02-20', 21, 2, 1),
(467, 28, '148.7', '2019-12-26', 6, 2, 1),
(468, 21, '346.2', '2018-07-03', 35, 4, 1),
(469, 10, '90.2', '2018-10-25', 12, 3, 1),
(470, 14, '252.4', '2017-08-15', 36, 3, 1),
(471, 1, '259.0', '2018-05-12', 46, 3, 1),
(472, 40, '98.6', '2016-11-12', 36, 3, 1),
(473, 26, '144.4', '2019-12-05', 39, 2, 1),
(474, 24, '73.4', '2018-02-21', 15, 4, 1),
(475, 8, '127.0', '2017-06-03', 15, 1, 1),
(476, 38, '96.7', '2018-09-30', 8, 4, 1),
(477, 31, '327.9', '2018-05-20', 38, 1, 1),
(478, 16, '303.9', '2016-01-02', 45, 3, 1),
(479, 26, '132.5', '2019-12-19', 7, 1, 1),
(480, 21, '37.1', '2019-07-28', 18, 2, 1),
(481, 26, '173.6', '2016-10-21', 7, 2, 1),
(482, 6, '59.8', '2016-10-30', 36, 2, 1),
(483, 9, '183.2', '2018-11-21', 22, 2, 1),
(484, 27, '64.8', '2018-08-24', 34, 4, 1),
(485, 32, '196.5', '2019-10-30', 38, 2, 1),
(486, 4, '64.1', '2016-07-23', 40, 2, 1),
(487, 40, '325.4', '2019-09-25', 38, 4, 1),
(488, 39, '26.4', '2019-04-23', 37, 4, 1),
(489, 5, '42.9', '2016-05-24', 4, 4, 1),
(490, 3, '240.9', '2016-09-02', 41, 3, 1),
(491, 28, '74.8', '2017-03-23', 50, 1, 1),
(492, 3, '186.3', '2018-07-24', 19, 2, 1),
(493, 26, '185.5', '2018-05-29', 23, 1, 1),
(494, 20, '200.6', '2017-06-30', 14, 2, 1),
(495, 10, '208.0', '2016-02-28', 2, 1, 1),
(496, 8, '134.0', '2018-01-28', 42, 4, 1),
(497, 39, '155.7', '2019-12-03', 23, 2, 1),
(498, 40, '276.0', '2016-01-02', 37, 2, 1),
(499, 19, '180.1', '2016-08-18', 38, 1, 1),
(500, 39, '316.3', '2018-08-19', 9, 4, 1),
(501, 34, '318.8', '2017-03-21', 32, 3, 1),
(502, 26, '327.7', '2018-10-14', 35, 1, 1),
(503, 17, '70.7', '2018-02-26', 41, 4, 1),
(504, 17, '207.8', '2016-09-14', 24, 3, 1),
(505, 8, '33.7', '2016-02-26', 6, 1, 1),
(506, 17, '215.6', '2016-01-12', 23, 3, 1),
(507, 39, '82.9', '2017-01-01', 41, 3, 1),
(508, 15, '134.7', '2017-03-21', 38, 3, 1),
(509, 39, '207.2', '2019-06-08', 49, 4, 1),
(510, 33, '327.6', '2016-03-29', 50, 3, 1),
(511, 6, '149.9', '2018-02-26', 20, 1, 1),
(512, 38, '220.4', '2019-01-02', 11, 3, 1),
(513, 17, '259.5', '2017-08-15', 21, 3, 1),
(514, 36, '293.6', '2018-03-09', 5, 1, 1),
(515, 36, '31.7', '2017-04-19', 33, 2, 1),
(516, 1, '208.1', '2017-11-09', 32, 3, 1),
(517, 16, '174.7', '2017-01-22', 5, 1, 1),
(518, 29, '314.6', '2016-11-24', 41, 2, 1),
(519, 5, '46.2', '2016-06-23', 36, 2, 1),
(520, 6, '325.1', '2018-05-02', 5, 4, 1),
(521, 10, '330.4', '2018-02-01', 32, 4, 1),
(522, 12, '336.4', '2017-08-26', 48, 3, 1),
(523, 34, '42.8', '2019-01-18', 31, 1, 1),
(524, 14, '225.6', '2019-11-01', 11, 2, 1),
(525, 35, '162.9', '2016-01-06', 13, 2, 1),
(526, 1, '222.9', '2019-12-12', 7, 4, 1),
(527, 20, '260.0', '2017-03-31', 41, 2, 1),
(528, 36, '299.4', '2018-01-03', 16, 4, 1),
(529, 22, '46.9', '2017-07-13', 11, 4, 1),
(530, 15, '304.8', '2017-01-13', 47, 2, 1),
(531, 22, '233.7', '2019-02-07', 20, 3, 1),
(532, 28, '294.9', '2016-04-27', 19, 4, 1),
(533, 30, '204.4', '2019-04-06', 48, 1, 1),
(534, 35, '143.4', '2019-03-15', 46, 3, 1),
(535, 17, '333.6', '2018-11-01', 42, 3, 1),
(536, 20, '325.7', '2017-12-02', 46, 3, 1),
(537, 7, '103.0', '2017-04-01', 15, 4, 1),
(538, 15, '267.3', '2019-08-15', 24, 1, 1),
(539, 9, '223.9', '2016-08-17', 44, 1, 1),
(540, 33, '167.7', '2018-05-01', 9, 3, 1),
(541, 21, '85.7', '2016-10-14', 30, 1, 1),
(542, 31, '136.8', '2016-12-01', 48, 3, 1),
(543, 38, '146.4', '2017-04-25', 13, 1, 1),
(544, 21, '188.8', '2016-02-04', 2, 3, 1),
(545, 31, '143.1', '2016-07-20', 6, 3, 1),
(546, 13, '265.9', '2019-09-05', 19, 4, 1),
(547, 34, '282.5', '2016-02-23', 29, 2, 1),
(548, 1, '210.8', '2017-07-22', 46, 4, 1),
(549, 36, '25.1', '2019-12-17', 41, 1, 1),
(550, 26, '22.2', '2017-02-06', 30, 1, 1),
(551, 9, '157.2', '2019-08-01', 23, 3, 1),
(552, 38, '29.8', '2019-03-30', 24, 1, 1),
(553, 16, '176.2', '2019-08-17', 19, 1, 1),
(554, 7, '103.8', '2018-08-20', 13, 3, 1),
(555, 21, '192.0', '2019-04-17', 17, 1, 1),
(556, 11, '230.1', '2016-12-24', 35, 4, 1),
(557, 14, '239.7', '2018-05-19', 20, 4, 1),
(558, 30, '15.4', '2018-06-19', 41, 2, 1),
(559, 6, '346.6', '2018-02-23', 32, 1, 1),
(560, 9, '89.2', '2016-05-05', 47, 4, 1),
(561, 9, '328.6', '2018-12-24', 15, 1, 1),
(562, 19, '185.6', '2017-09-23', 12, 4, 1),
(563, 29, '318.0', '2017-03-02', 31, 2, 1),
(564, 24, '38.2', '2019-04-30', 1, 1, 1),
(565, 13, '155.4', '2016-02-15', 44, 2, 1),
(566, 13, '144.4', '2018-07-11', 12, 3, 1),
(567, 7, '147.1', '2018-07-03', 17, 3, 1),
(568, 22, '320.5', '2016-02-24', 7, 2, 1),
(569, 4, '298.1', '2017-12-06', 12, 3, 1),
(570, 25, '193.2', '2018-02-02', 17, 3, 1),
(571, 15, '311.1', '2019-06-08', 1, 3, 1),
(572, 4, '122.5', '2018-03-31', 35, 2, 1),
(573, 12, '61.3', '2019-07-19', 8, 1, 1),
(574, 16, '186.8', '2018-06-04', 14, 3, 1),
(575, 21, '77.8', '2019-06-21', 3, 4, 1),
(576, 18, '78.1', '2017-10-31', 41, 2, 1),
(577, 37, '317.9', '2019-09-13', 3, 4, 1),
(578, 23, '255.8', '2017-03-12', 19, 3, 1),
(579, 31, '255.2', '2016-07-01', 19, 4, 1),
(580, 20, '216.7', '2019-12-04', 28, 1, 1),
(581, 15, '180.3', '2019-02-24', 4, 3, 1),
(582, 34, '251.5', '2019-09-21', 3, 1, 1),
(583, 7, '311.5', '2017-07-05', 2, 4, 1),
(584, 16, '259.8', '2018-10-09', 23, 4, 1),
(585, 26, '107.8', '2017-03-10', 8, 3, 1),
(586, 9, '42.0', '2017-05-31', 29, 2, 1),
(587, 25, '286.4', '2019-09-02', 3, 3, 1),
(588, 29, '111.9', '2018-01-15', 24, 1, 1),
(589, 8, '306.1', '2016-07-03', 23, 4, 1),
(590, 25, '308.8', '2018-12-21', 14, 1, 1),
(591, 11, '19.8', '2019-11-17', 38, 1, 1),
(592, 27, '158.7', '2019-02-25', 4, 2, 1),
(593, 22, '21.3', '2019-11-21', 46, 3, 1),
(594, 21, '349.0', '2017-08-19', 41, 3, 1),
(595, 35, '91.3', '2018-06-18', 28, 3, 1),
(596, 38, '213.2', '2017-11-22', 27, 2, 1),
(597, 13, '238.3', '2019-08-20', 15, 2, 1),
(598, 1, '149.1', '2018-04-07', 50, 2, 1),
(599, 7, '243.5', '2019-06-08', 26, 2, 1),
(600, 35, '101.0', '2018-01-28', 36, 1, 1),
(601, 14, '93.5', '2017-09-07', 22, 1, 1),
(602, 12, '247.8', '2019-03-14', 44, 2, 1),
(603, 30, '184.7', '2018-05-22', 48, 4, 1),
(604, 40, '320.9', '2016-12-28', 5, 3, 1),
(605, 14, '210.6', '2016-11-10', 23, 3, 1),
(606, 38, '155.6', '2019-08-13', 13, 3, 1),
(607, 17, '304.6', '2018-05-25', 7, 2, 1),
(608, 26, '125.8', '2019-08-30', 15, 4, 1),
(609, 17, '264.4', '2019-12-23', 15, 3, 1),
(610, 25, '18.4', '2019-11-18', 8, 3, 1),
(611, 17, '88.2', '2017-10-06', 44, 3, 1),
(612, 30, '128.8', '2019-03-08', 31, 1, 1),
(613, 1, '227.3', '2018-09-14', 44, 2, 1),
(614, 38, '23.7', '2016-01-03', 41, 3, 1),
(615, 19, '208.7', '2018-06-20', 29, 4, 1),
(616, 15, '23.4', '2017-04-18', 9, 4, 1),
(617, 35, '132.3', '2018-06-26', 20, 1, 1),
(618, 38, '33.3', '2016-11-16', 30, 1, 1),
(619, 35, '98.2', '2017-02-08', 18, 1, 1),
(620, 3, '22.3', '2019-03-20', 50, 4, 1),
(621, 13, '275.9', '2018-08-21', 4, 1, 1),
(622, 28, '260.2', '2016-10-15', 20, 3, 1),
(623, 28, '220.8', '2019-07-24', 45, 1, 1),
(624, 1, '100.3', '2016-05-01', 1, 1, 1),
(625, 6, '133.7', '2018-09-04', 42, 3, 1),
(626, 19, '204.7', '2019-05-08', 40, 2, 1),
(627, 1, '191.6', '2017-05-05', 2, 2, 1),
(628, 35, '30.0', '2019-02-22', 48, 2, 1),
(629, 29, '47.7', '2018-01-19', 24, 3, 1),
(630, 35, '12.2', '2019-08-12', 12, 3, 1),
(631, 15, '345.2', '2017-05-29', 35, 1, 1),
(632, 10, '102.9', '2019-12-08', 9, 4, 1),
(633, 40, '160.2', '2018-09-01', 48, 1, 1),
(634, 36, '75.3', '2016-04-23', 34, 3, 1),
(635, 9, '264.7', '2019-03-10', 8, 4, 1),
(636, 5, '117.7', '2016-05-27', 30, 1, 1),
(637, 39, '314.2', '2019-03-24', 2, 4, 1),
(638, 36, '265.7', '2016-07-04', 19, 1, 1),
(639, 22, '296.5', '2017-08-17', 18, 1, 1),
(640, 21, '118.7', '2018-05-12', 19, 1, 1),
(641, 23, '98.2', '2017-12-20', 36, 2, 1),
(642, 8, '69.7', '2018-12-26', 41, 3, 1),
(643, 3, '41.0', '2017-07-29', 6, 1, 1),
(644, 25, '12.6', '2017-09-17', 32, 2, 1),
(645, 27, '217.1', '2018-05-12', 24, 2, 1),
(646, 19, '35.3', '2018-01-08', 41, 1, 1),
(647, 25, '154.5', '2016-08-29', 12, 1, 1),
(648, 40, '285.1', '2018-04-01', 28, 1, 1),
(649, 38, '73.8', '2017-03-23', 4, 4, 1),
(650, 37, '316.8', '2017-10-26', 6, 1, 1),
(651, 24, '207.5', '2017-10-05', 30, 3, 1),
(652, 2, '113.4', '2017-08-10', 28, 3, 1),
(653, 30, '200.9', '2018-08-04', 43, 2, 1),
(654, 9, '78.8', '2019-03-01', 6, 3, 1),
(655, 14, '260.3', '2016-06-05', 5, 4, 1),
(656, 18, '35.6', '2018-10-28', 28, 4, 1),
(657, 24, '303.3', '2019-04-13', 15, 3, 1),
(658, 28, '81.1', '2016-01-08', 22, 4, 1),
(659, 31, '31.8', '2016-06-12', 50, 2, 1),
(660, 16, '207.4', '2019-04-06', 16, 3, 1),
(661, 30, '54.1', '2016-06-16', 18, 3, 1),
(662, 15, '138.0', '2017-08-31', 10, 1, 1),
(663, 25, '141.7', '2016-04-17', 8, 2, 1),
(664, 40, '112.3', '2016-12-25', 39, 2, 1),
(665, 5, '338.4', '2017-01-06', 8, 1, 1),
(666, 12, '281.8', '2018-06-03', 3, 1, 1),
(667, 36, '127.9', '2018-05-17', 24, 4, 1),
(668, 25, '84.5', '2018-07-27', 41, 3, 1),
(669, 9, '323.0', '2017-05-26', 40, 3, 1),
(670, 13, '240.5', '2019-07-09', 33, 2, 1),
(671, 31, '328.2', '2017-10-19', 46, 3, 1),
(672, 24, '238.2', '2016-07-16', 16, 4, 1),
(673, 13, '165.6', '2016-08-14', 40, 4, 1),
(674, 30, '327.3', '2017-10-14', 35, 3, 1),
(675, 29, '145.3', '2017-06-26', 37, 3, 1),
(676, 8, '284.6', '2016-01-17', 20, 1, 1),
(677, 32, '31.5', '2019-02-05', 21, 2, 1),
(678, 22, '119.3', '2018-01-20', 46, 1, 1),
(679, 31, '323.2', '2017-06-05', 4, 4, 1),
(680, 13, '168.4', '2016-01-30', 22, 2, 1),
(681, 12, '336.1', '2017-03-28', 43, 2, 1),
(682, 6, '200.8', '2017-08-28', 6, 2, 1),
(683, 11, '349.1', '2018-02-18', 24, 1, 1),
(684, 5, '185.9', '2017-07-16', 28, 3, 1),
(685, 25, '231.8', '2017-03-06', 38, 4, 1),
(686, 37, '171.4', '2019-02-20', 4, 4, 1),
(687, 40, '330.1', '2016-04-20', 20, 2, 1),
(688, 1, '180.7', '2018-01-15', 2, 1, 1),
(689, 15, '134.8', '2018-04-15', 9, 1, 1),
(690, 8, '216.9', '2016-06-15', 44, 4, 1),
(691, 36, '56.6', '2018-05-19', 50, 4, 1),
(692, 23, '53.0', '2018-09-19', 6, 2, 1),
(693, 11, '43.5', '2019-09-27', 1, 4, 1),
(694, 9, '328.8', '2018-08-15', 39, 4, 1),
(695, 14, '61.7', '2016-04-09', 27, 4, 1),
(696, 38, '179.6', '2017-09-28', 12, 1, 1),
(697, 38, '111.2', '2017-10-01', 40, 2, 1),
(698, 12, '119.7', '2019-02-05', 18, 2, 1),
(699, 28, '344.1', '2016-06-21', 26, 3, 1),
(700, 17, '181.9', '2016-09-19', 39, 2, 1),
(701, 37, '87.4', '2018-11-09', 6, 1, 1),
(702, 37, '142.5', '2016-04-04', 8, 3, 1),
(703, 26, '122.2', '2017-04-23', 8, 4, 1),
(704, 24, '341.6', '2018-12-11', 28, 2, 1),
(705, 16, '333.0', '2019-07-23', 3, 2, 1),
(706, 25, '296.2', '2017-09-14', 11, 2, 1),
(707, 1, '331.0', '2017-10-16', 38, 2, 1),
(708, 24, '162.6', '2019-06-04', 26, 1, 1),
(709, 38, '216.5', '2016-01-11', 1, 4, 1),
(710, 18, '332.1', '2018-02-28', 3, 3, 1),
(711, 28, '308.6', '2019-05-21', 44, 3, 1),
(712, 2, '91.7', '2019-07-10', 1, 4, 1),
(713, 39, '139.2', '2019-07-26', 2, 4, 1),
(714, 38, '215.0', '2017-10-23', 12, 3, 1),
(715, 38, '179.0', '2017-04-24', 44, 1, 1),
(716, 4, '193.0', '2017-03-25', 47, 3, 1),
(717, 11, '183.9', '2019-09-14', 50, 1, 1),
(718, 38, '94.5', '2019-08-13', 41, 3, 1),
(719, 38, '190.6', '2016-12-15', 26, 1, 1),
(720, 9, '195.7', '2019-07-31', 40, 3, 1),
(721, 6, '124.3', '2018-04-28', 37, 1, 1),
(722, 9, '336.5', '2019-02-18', 10, 2, 1),
(723, 9, '117.8', '2017-03-06', 17, 3, 1),
(724, 36, '253.1', '2017-06-09', 21, 1, 1),
(725, 6, '288.7', '2016-05-19', 42, 3, 1),
(726, 6, '18.9', '2018-03-10', 5, 3, 1),
(727, 16, '194.9', '2016-09-24', 17, 3, 1),
(728, 32, '38.3', '2017-12-26', 14, 4, 1),
(729, 1, '128.0', '2019-06-12', 40, 2, 1),
(730, 30, '264.4', '2016-05-30', 47, 3, 1),
(731, 1, '172.5', '2016-05-09', 41, 3, 1),
(732, 27, '241.8', '2019-11-04', 40, 4, 1),
(733, 33, '176.4', '2016-12-08', 50, 4, 1),
(734, 11, '251.7', '2016-01-24', 42, 3, 1),
(735, 20, '296.2', '2019-09-11', 6, 1, 1),
(736, 32, '235.8', '2017-01-12', 30, 1, 1),
(737, 40, '15.3', '2016-01-22', 20, 4, 1),
(738, 27, '78.7', '2018-02-01', 41, 4, 1),
(739, 38, '136.8', '2016-06-09', 40, 4, 1),
(740, 35, '20.4', '2017-09-30', 22, 4, 1),
(741, 12, '338.6', '2017-06-24', 22, 2, 1),
(742, 12, '199.3', '2018-03-03', 8, 3, 1),
(743, 37, '203.0', '2019-12-16', 11, 3, 1),
(744, 39, '235.6', '2018-06-03', 38, 3, 1),
(745, 1, '101.5', '2019-08-04', 26, 4, 1),
(746, 34, '82.9', '2019-10-01', 44, 4, 1),
(747, 1, '50.7', '2018-01-24', 15, 1, 1),
(748, 19, '80.6', '2018-04-23', 5, 3, 1),
(749, 16, '20.9', '2017-03-13', 1, 3, 1),
(750, 31, '262.8', '2016-07-06', 31, 2, 1),
(751, 9, '255.6', '2016-12-20', 6, 1, 1),
(752, 34, '273.3', '2018-08-15', 16, 3, 1),
(753, 23, '259.5', '2016-06-10', 11, 2, 1),
(754, 1, '198.9', '2019-07-16', 47, 3, 1),
(755, 31, '314.8', '2016-08-03', 49, 3, 1),
(756, 18, '337.3', '2019-10-04', 28, 4, 1),
(757, 27, '274.3', '2019-06-09', 33, 3, 1),
(758, 34, '236.1', '2018-12-04', 32, 4, 1),
(759, 35, '17.9', '2016-08-22', 17, 3, 1),
(760, 39, '37.5', '2016-02-02', 45, 2, 1),
(761, 3, '301.6', '2019-04-07', 3, 4, 1),
(762, 11, '101.5', '2016-02-14', 1, 2, 1),
(763, 4, '318.4', '2019-11-01', 1, 1, 1),
(764, 12, '78.8', '2016-02-20', 12, 3, 1),
(765, 38, '71.9', '2017-01-05', 42, 4, 1),
(766, 35, '242.5', '2016-01-01', 43, 4, 1),
(767, 26, '179.2', '2017-04-24', 36, 4, 1),
(768, 32, '265.8', '2018-08-11', 28, 2, 1),
(769, 26, '57.1', '2017-03-18', 46, 1, 1),
(770, 29, '92.5', '2019-02-01', 36, 4, 1),
(771, 8, '205.0', '2016-11-13', 11, 1, 1),
(772, 9, '154.7', '2017-05-01', 22, 1, 1),
(773, 21, '214.1', '2018-03-09', 18, 4, 1),
(774, 7, '274.0', '2018-05-01', 12, 2, 1),
(775, 8, '269.2', '2017-06-18', 34, 2, 1),
(776, 2, '263.0', '2018-08-08', 3, 4, 1),
(777, 40, '337.0', '2018-12-15', 6, 2, 1),
(778, 15, '309.2', '2016-07-07', 13, 4, 1),
(779, 29, '14.0', '2017-05-15', 13, 2, 1),
(780, 26, '131.3', '2016-11-18', 34, 2, 1),
(781, 11, '134.1', '2016-05-25', 16, 3, 1),
(782, 2, '22.4', '2016-08-22', 30, 4, 1),
(783, 21, '78.0', '2018-11-14', 20, 4, 1),
(784, 38, '327.2', '2017-04-06', 13, 1, 1),
(785, 36, '96.2', '2018-05-18', 43, 2, 1),
(786, 10, '241.7', '2019-10-17', 48, 3, 1),
(787, 34, '183.4', '2019-08-28', 32, 2, 1),
(788, 5, '248.9', '2017-10-23', 32, 3, 1),
(789, 11, '232.0', '2019-07-05', 29, 3, 1),
(790, 20, '24.6', '2018-12-23', 31, 3, 1),
(791, 29, '67.7', '2017-03-04', 49, 3, 1),
(792, 36, '18.9', '2019-06-26', 15, 4, 1),
(793, 10, '223.5', '2018-12-25', 33, 2, 1),
(794, 9, '159.0', '2017-08-13', 23, 4, 1),
(795, 22, '82.1', '2017-08-24', 30, 3, 1),
(796, 34, '325.0', '2018-09-16', 42, 1, 1),
(797, 25, '60.7', '2018-09-12', 39, 2, 1),
(798, 36, '81.5', '2019-05-01', 24, 2, 1),
(799, 2, '333.1', '2016-09-26', 8, 1, 1),
(800, 37, '225.0', '2019-10-24', 47, 2, 1),
(801, 17, '125.8', '2016-01-09', 14, 1, 1),
(802, 19, '338.4', '2016-07-07', 7, 4, 1),
(803, 17, '276.9', '2019-09-05', 27, 1, 1),
(804, 21, '230.8', '2019-12-10', 22, 4, 1),
(805, 6, '271.9', '2017-02-17', 32, 3, 1),
(806, 30, '92.5', '2017-02-10', 16, 1, 1),
(807, 2, '320.1', '2019-01-04', 39, 2, 1),
(808, 27, '164.2', '2017-04-21', 31, 4, 1),
(809, 32, '180.2', '2019-11-23', 17, 3, 1),
(810, 3, '249.3', '2018-09-27', 40, 3, 1),
(811, 4, '295.1', '2018-05-30', 23, 3, 1),
(812, 16, '110.7', '2016-10-04', 22, 3, 1),
(813, 12, '183.7', '2016-02-23', 22, 1, 1),
(814, 10, '158.8', '2019-02-16', 47, 3, 1),
(815, 21, '63.4', '2018-05-19', 38, 3, 1),
(816, 8, '110.9', '2016-09-25', 11, 1, 1),
(817, 3, '90.4', '2019-11-02', 4, 4, 1),
(818, 33, '279.9', '2019-01-30', 45, 2, 1),
(819, 32, '208.3', '2018-08-19', 40, 4, 1),
(820, 11, '68.1', '2016-04-29', 33, 3, 1),
(821, 30, '265.0', '2017-03-04', 12, 4, 1),
(822, 35, '298.0', '2017-10-03', 19, 2, 1),
(823, 17, '73.8', '2018-01-03', 48, 3, 1),
(824, 38, '139.2', '2017-08-14', 39, 4, 1),
(825, 17, '78.4', '2019-07-03', 18, 1, 1),
(826, 29, '250.7', '2016-10-04', 11, 1, 1),
(827, 15, '226.0', '2017-06-15', 36, 2, 1),
(828, 24, '156.1', '2019-11-18', 27, 2, 1),
(829, 7, '254.7', '2019-08-12', 6, 1, 1),
(830, 15, '130.0', '2018-02-24', 22, 4, 1),
(831, 29, '200.3', '2017-05-24', 16, 2, 1),
(832, 3, '299.0', '2019-08-12', 40, 2, 1),
(833, 38, '292.9', '2018-08-11', 19, 1, 1),
(834, 22, '112.1', '2016-03-09', 49, 2, 1),
(835, 27, '328.5', '2019-07-11', 35, 2, 1),
(836, 16, '101.1', '2018-01-15', 44, 3, 1),
(837, 34, '320.6', '2018-10-24', 47, 4, 1),
(838, 37, '285.2', '2019-10-29', 47, 2, 1),
(839, 14, '235.8', '2017-03-07', 33, 3, 1),
(840, 9, '80.1', '2017-12-28', 50, 3, 1),
(841, 36, '136.3', '2016-12-08', 10, 1, 1),
(842, 13, '56.3', '2016-03-30', 30, 4, 1),
(843, 6, '72.5', '2019-01-06', 47, 2, 1),
(844, 27, '121.2', '2019-05-31', 17, 1, 1),
(845, 11, '167.2', '2019-11-19', 43, 1, 1),
(846, 3, '69.0', '2017-02-18', 14, 3, 1),
(847, 39, '338.5', '2016-11-09', 27, 3, 1),
(848, 13, '208.4', '2017-07-23', 1, 3, 1),
(849, 25, '163.3', '2018-11-03', 8, 1, 1),
(850, 25, '295.7', '2018-03-04', 3, 1, 1),
(851, 17, '321.1', '2016-10-18', 12, 4, 1),
(852, 2, '274.8', '2017-08-25', 12, 4, 1),
(853, 20, '258.9', '2016-07-23', 12, 2, 1),
(854, 6, '84.3', '2017-11-06', 4, 4, 1),
(855, 14, '292.5', '2017-12-11', 9, 1, 1),
(856, 37, '35.4', '2017-12-31', 5, 1, 1),
(857, 14, '334.0', '2019-04-13', 26, 1, 1),
(858, 38, '43.1', '2019-09-12', 42, 4, 1),
(859, 28, '341.1', '2018-08-26', 21, 4, 1),
(860, 1, '244.9', '2018-05-04', 49, 4, 1),
(861, 33, '46.9', '2016-01-09', 50, 1, 1),
(862, 1, '166.1', '2017-02-07', 44, 2, 1),
(863, 15, '327.4', '2018-07-08', 5, 4, 1),
(864, 7, '72.2', '2019-01-31', 44, 4, 1),
(865, 2, '103.5', '2016-01-22', 6, 1, 1),
(866, 16, '17.9', '2018-01-05', 26, 2, 1),
(867, 31, '167.2', '2019-07-27', 40, 1, 1),
(868, 7, '234.3', '2016-01-20', 8, 1, 1),
(869, 28, '300.6', '2019-09-13', 39, 4, 1),
(870, 27, '41.7', '2018-05-08', 43, 4, 1),
(871, 2, '132.8', '2018-09-04', 46, 1, 1),
(872, 14, '331.2', '2016-12-05', 15, 4, 1),
(873, 6, '220.2', '2019-03-21', 3, 1, 1),
(874, 13, '141.1', '2016-09-02', 8, 1, 1),
(875, 18, '104.2', '2016-06-22', 44, 1, 1),
(876, 28, '99.7', '2016-11-10', 1, 4, 1),
(877, 21, '158.1', '2018-09-19', 16, 2, 1),
(878, 22, '241.4', '2017-09-27', 21, 4, 1),
(879, 5, '178.0', '2018-08-12', 16, 3, 1),
(880, 13, '209.8', '2019-07-08', 28, 1, 1),
(881, 26, '215.3', '2016-11-13', 15, 1, 1),
(882, 35, '117.0', '2019-11-07', 5, 1, 1),
(883, 10, '141.3', '2019-06-06', 40, 3, 1),
(884, 24, '251.3', '2018-01-25', 49, 1, 1),
(885, 9, '119.6', '2018-12-05', 34, 3, 1),
(886, 14, '183.3', '2017-05-31', 28, 4, 1),
(887, 10, '133.1', '2016-01-26', 43, 4, 1),
(888, 9, '85.8', '2019-08-18', 44, 4, 1),
(889, 7, '99.9', '2019-05-07', 31, 4, 1),
(890, 7, '21.6', '2019-04-03', 38, 3, 1),
(891, 39, '266.6', '2017-12-16', 4, 1, 1),
(892, 14, '296.2', '2016-01-11', 31, 4, 1),
(893, 1, '294.4', '2018-07-19', 34, 2, 1),
(894, 15, '115.4', '2019-07-24', 27, 4, 1),
(895, 25, '120.7', '2018-07-08', 10, 1, 1),
(896, 37, '68.0', '2016-10-24', 6, 3, 1),
(897, 26, '194.1', '2016-12-15', 5, 1, 1),
(898, 23, '140.4', '2016-10-15', 50, 3, 1),
(899, 8, '329.7', '2019-06-21', 15, 3, 1),
(900, 14, '140.6', '2017-08-20', 17, 4, 1),
(901, 11, '345.6', '2017-12-24', 28, 4, 1),
(902, 21, '15.2', '2016-04-18', 24, 4, 1),
(903, 9, '348.2', '2018-11-20', 10, 2, 1),
(904, 39, '74.1', '2018-05-18', 41, 3, 1),
(905, 19, '344.0', '2016-12-05', 20, 3, 1),
(906, 8, '192.8', '2017-04-07', 34, 1, 1),
(907, 18, '333.3', '2019-03-27', 27, 3, 1),
(908, 29, '299.6', '2016-05-06', 34, 1, 1),
(909, 25, '244.2', '2016-04-21', 8, 1, 1),
(910, 32, '136.5', '2017-03-23', 39, 3, 1),
(911, 15, '244.3', '2018-10-07', 34, 4, 1),
(912, 18, '73.2', '2017-01-15', 33, 4, 1),
(913, 5, '147.9', '2017-07-01', 36, 2, 1),
(914, 1, '300.0', '2017-11-06', 8, 1, 1),
(915, 1, '194.2', '2016-03-07', 36, 2, 1),
(916, 18, '303.2', '2019-08-10', 36, 2, 1),
(917, 31, '146.5', '2019-05-06', 32, 1, 1),
(918, 18, '39.0', '2016-02-20', 39, 2, 1),
(919, 9, '203.2', '2017-09-03', 27, 2, 1),
(920, 30, '255.3', '2017-12-20', 29, 1, 1),
(921, 30, '289.9', '2019-12-05', 20, 1, 1),
(922, 25, '220.6', '2019-08-21', 10, 3, 1),
(923, 22, '143.0', '2018-09-12', 15, 1, 1),
(924, 9, '300.9', '2017-12-12', 39, 4, 1),
(925, 37, '116.0', '2017-01-09', 5, 2, 1),
(926, 24, '60.1', '2017-12-09', 8, 2, 1),
(927, 30, '218.4', '2017-08-31', 8, 3, 1),
(928, 2, '11.4', '2017-03-12', 48, 1, 1),
(929, 18, '99.2', '2018-07-15', 41, 3, 1),
(930, 31, '23.4', '2018-02-02', 10, 3, 1),
(931, 25, '310.1', '2018-10-06', 10, 1, 1),
(932, 13, '169.6', '2017-03-13', 46, 2, 1),
(933, 29, '262.2', '2017-08-21', 43, 2, 1),
(934, 36, '112.1', '2018-05-15', 33, 2, 1),
(935, 20, '329.7', '2019-10-22', 22, 2, 1),
(936, 27, '278.9', '2019-05-17', 24, 2, 1),
(937, 1, '67.1', '2019-07-24', 24, 2, 1),
(938, 17, '144.3', '2016-11-23', 50, 2, 1),
(939, 6, '261.7', '2018-10-02', 4, 4, 1),
(940, 26, '209.6', '2016-10-13', 30, 3, 1),
(941, 1, '29.5', '2019-09-26', 47, 4, 1),
(942, 5, '260.4', '2018-09-24', 31, 3, 1),
(943, 20, '204.5', '2017-05-10', 22, 3, 1),
(944, 31, '235.5', '2018-04-26', 41, 2, 1),
(945, 1, '295.4', '2017-09-17', 29, 2, 1),
(946, 37, '336.5', '2016-02-03', 21, 2, 1),
(947, 12, '98.2', '2018-08-26', 19, 1, 1),
(948, 32, '335.5', '2017-12-11', 14, 3, 1),
(949, 36, '212.9', '2016-02-13', 16, 3, 1),
(950, 28, '109.7', '2018-11-15', 4, 3, 1),
(951, 37, '307.5', '2019-10-26', 39, 1, 1),
(952, 36, '345.3', '2018-05-06', 41, 3, 1),
(953, 33, '70.4', '2016-12-09', 2, 1, 1),
(954, 13, '170.2', '2019-10-10', 9, 2, 1),
(955, 33, '295.4', '2019-10-19', 18, 4, 1),
(956, 39, '230.3', '2017-07-04', 48, 4, 1),
(957, 30, '126.8', '2019-12-02', 41, 3, 1),
(958, 40, '274.8', '2019-04-29', 26, 1, 1),
(959, 3, '285.6', '2016-04-26', 29, 4, 1),
(960, 12, '101.1', '2018-07-01', 47, 3, 1),
(961, 4, '294.0', '2018-06-22', 31, 3, 1),
(962, 29, '56.2', '2019-12-13', 40, 4, 1),
(963, 31, '342.9', '2017-10-27', 50, 2, 1),
(964, 32, '127.3', '2018-08-04', 17, 1, 1),
(965, 10, '134.0', '2016-12-27', 12, 2, 1),
(966, 32, '82.8', '2016-02-19', 6, 1, 1),
(967, 10, '78.5', '2018-07-11', 28, 2, 1),
(968, 34, '315.4', '2016-04-14', 48, 1, 1),
(969, 31, '202.0', '2018-10-01', 8, 3, 1),
(970, 18, '188.0', '2018-03-07', 37, 3, 1),
(971, 1, '80.0', '2016-05-05', 41, 1, 1),
(972, 21, '64.2', '2016-05-28', 44, 1, 1),
(973, 10, '200.0', '2019-12-16', 6, 2, 1),
(974, 5, '100.0', '2019-12-16', 6, 3, 1),
(975, 10, '100.0', '2019-12-17', 6, 2, 1),
(976, 10, '100.0', '2019-12-18', 2, 2, 1),
(977, 10, '100.0', '2019-12-18', 3, 2, 1),
(978, 10, '100.0', '2019-12-18', 9, 2, 1),
(979, 5, '240.0', '2019-12-18', 2, 2, 1),
(980, 5, '100.0', '2019-12-19', 2, 3, 1),
(981, 100, '20.0', '2017-12-03', 1, 1, 1),
(1024, 2, '150.0', '2019-12-29', 1, 2, 1),
(1025, 0, '0.0', '2004-04-03', 4, 5, 1);

-- --------------------------------------------------------

--
-- Estructura de tabla para la tabla `empleado`
--

CREATE TABLE `empleado` (
  `id_prop` int(11) NOT NULL,
  `nombre` varchar(45) DEFAULT NULL,
  `apellido` varchar(45) DEFAULT NULL,
  `usuario` varchar(45) DEFAULT NULL,
  `contraseña` varchar(45) DEFAULT NULL,
  `telefono` int(11) DEFAULT NULL,
  `tipo_usuario_id_tipo_usu` int(11) NOT NULL
) ENGINE=InnoDB DEFAULT CHARSET=utf8;

--
-- Volcado de datos para la tabla `empleado`
--

INSERT INTO `empleado` (`id_prop`, `nombre`, `apellido`, `usuario`, `contraseña`, `telefono`, `tipo_usuario_id_tipo_usu`) VALUES
(1, 'victor', 'villazante', 'victor', '12345', 3453424, 1),
(2, 'jorge', 'alejo', 'jorge', '12321', 4534233, 2),
(3, 'luis', 'alfonzo', 'luis', '1234', 2333533, 2),
(4, 'andres', 'cariaga', 'andres', '56789', 4781199, 2),
(5, 'ximena', 'gutierrez', 'ximena', '232323', 4853999, 2),
(6, 'hector', 'alvares', 'hector', '332211', 4534445, 2),
(7, 'J_sanchez', 'Sanchez', 'J_sanchez', '1234', 78458934, 2);

-- --------------------------------------------------------

--
-- Estructura de tabla para la tabla `gastos`
--

CREATE TABLE `gastos` (
  `id_gast` int(11) NOT NULL,
  `tipo` varchar(45) DEFAULT NULL,
  `nombre_sev` varchar(45) DEFAULT NULL,
  `fecha` date DEFAULT NULL,
  `cant_gast` decimal(5,1) DEFAULT NULL,
  `propietario_id_prop` int(11) NOT NULL
) ENGINE=InnoDB DEFAULT CHARSET=utf8;

--
-- Volcado de datos para la tabla `gastos`
--

INSERT INTO `gastos` (`id_gast`, `tipo`, `nombre_sev`, `fecha`, `cant_gast`, `propietario_id_prop`) VALUES
(1, 'Weissnat and Sons', 'Finance', '2019-07-11', '152.7', 1),
(2, 'Comprar en Murray-Schultz', 'Energy', '2019-08-12', '357.8', 1),
(3, 'Conn and Sons', 'Finance', '2019-10-25', '324.8', 1),
(4, 'Gastos Domesticos', 'Capital Goods', '2019-05-20', '49.7', 1),
(5, 'Konopelski LLC', 'Miscellaneous', '2019-10-18', '38.9', 1),
(6, 'Haley-Jacobi', 'Public Utilities', '2019-12-05', '452.0', 1),
(7, 'Gastos Domesticos', 'Finance', '2019-06-02', '234.4', 1),
(8, 'Turner Group', 'Consumer Services', '2019-10-12', '204.3', 1),
(9, 'Jenkins LLC', 'Consumer Services', '2019-12-28', '270.4', 1),
(10, 'Gastos Domesticos', 'n/a', '2019-02-07', '79.6', 1),
(11, 'Olson-Prosacco', 'n/a', '2019-05-03', '340.9', 1),
(12, 'Padberg, Braun and Schimmel', 'Health Care', '2019-07-22', '29.4', 1),
(13, 'Lehner, Bartoletti and Harvey', 'Consumer Durables', '2019-06-14', '328.0', 1),
(14, 'Bernhard-Boyle', 'Capital Goods', '2019-10-08', '200.8', 1),
(15, 'Schmitt-Kling', 'Basic Industries', '2019-02-16', '306.9', 1),
(16, 'Schamberger, Shanahan and Olson', 'Consumer Services', '2019-11-12', '58.3', 1),
(17, 'Gastos Domesticos', 'n/a', '2019-01-11', '321.5', 1),
(18, 'Gastos Domesticos', 'n/a', '2019-10-16', '327.4', 1),
(19, 'Gastos Domesticos', 'n/a', '2019-04-13', '191.6', 1),
(20, 'Von, Quitzon and Gorczany', 'Finance', '2019-12-15', '52.6', 1),
(21, 'Franecki-Yundt', 'Consumer Non-Durables', '2019-04-07', '190.5', 1),
(22, 'Mitchell-Luettgen', 'Energy', '2019-02-22', '117.0', 1),
(23, 'Satterfield-Kuhic', 'Energy', '2019-06-23', '215.1', 1),
(24, 'Schmeler, Champlin and Koss', 'Technology', '2019-04-18', '458.6', 1),
(25, 'Reichel LLC', 'n/a', '2019-05-30', '74.7', 1),
(26, 'Schroeder Inc', 'Consumer Services', '2018-04-26', '154.6', 1),
(27, 'Jerde Group', 'n/a', '2018-07-19', '157.7', 1),
(28, 'Kerluke and Sons', 'Consumer Services', '2018-05-02', '164.1', 1),
(29, 'Morar, Goyette and Leuschke', 'Technology', '2018-11-09', '25.2', 1),
(30, 'Gastos Domesticos', 'n/a', '2018-01-16', '287.5', 1),
(31, 'Erdman-Witting', 'Public Utilities', '2018-05-24', '125.9', 1),
(32, 'Gastos Domesticos', 'Finance', '2018-09-07', '157.1', 1),
(33, 'Rippin-Haag', 'Technology', '2018-11-03', '182.2', 1),
(34, 'D\'Amore-Crona', 'Energy', '2018-12-28', '254.7', 1),
(35, 'Friesen-Kiehn', 'Technology', '2018-12-01', '258.2', 1),
(36, 'O\'Reilly Group', 'Technology', '2018-08-12', '69.9', 1),
(37, 'Marvin-Altenwerth', 'Finance', '2018-11-25', '367.4', 1),
(38, 'Johnston-Morar', 'Capital Goods', '2018-12-19', '133.9', 1),
(39, 'Kirlin Group', 'Technology', '2018-08-01', '53.2', 1),
(40, 'Lang LLC', 'Health Care', '2018-02-24', '366.4', 1),
(41, 'Lynch Group', 'Finance', '2018-02-19', '30.9', 1),
(42, 'Quitzon-Konopelski', 'Consumer Services', '2019-07-14', '58.6', 1),
(43, 'Borer-Wintheiser', 'Health Care', '2018-10-10', '351.0', 1),
(44, 'Corwin, Erdman and Walsh', 'Consumer Services', '2018-03-20', '273.9', 1),
(45, 'Stracke, King and Schroeder', 'Transportation', '2018-09-03', '113.1', 1),
(46, 'Kuvalis, Willms and O\'Reilly', 'Finance', '2018-11-17', '268.6', 1),
(47, 'Gastos Domesticos', 'n/a', '2018-04-13', '238.6', 1),
(48, 'Skiles, Kuphal and Lesch', 'Consumer Services', '2018-03-29', '142.2', 1),
(49, 'Gastos Domesticos', 'Finance', '2018-01-05', '34.7', 1),
(50, 'Gibson-Terry', 'Public Utilities', '2018-02-01', '388.2', 1),
(51, 'Hudson and Sons', 'Health Care', '2019-08-26', '290.9', 1),
(52, 'Hilll and Sons', 'Public Utilities', '2019-10-13', '486.6', 1),
(53, 'Stehr, Nader and Pagac', 'n/a', '2019-03-20', '368.6', 1),
(54, 'Braun LLC', 'n/a', '2019-05-28', '441.6', 1),
(55, 'Crist Group', 'n/a', '2019-06-23', '208.2', 1),
(56, 'Weimann-D\'Amore', 'n/a', '2019-01-28', '119.6', 1),
(57, 'Hayes Group', 'Finance', '2019-04-30', '264.2', 1),
(58, 'Ondricka LLC', 'n/a', '2019-01-27', '202.8', 1),
(59, 'Mayer and Sons', 'n/a', '2019-02-09', '173.9', 1),
(60, 'Boyer, Bartoletti and Heaney', 'Health Care', '2019-11-15', '165.8', 1),
(61, 'Deckow-Lesch', 'Consumer Durables', '2019-09-26', '414.2', 1),
(62, 'Oberbrunner-Leannon', 'Health Care', '2019-09-06', '253.7', 1),
(63, 'Wilderman-Rosenbaum', 'Finance', '2019-12-10', '376.8', 1),
(64, 'Feeney and Sons', 'Technology', '2019-04-24', '58.1', 1),
(65, 'Nicolas-Shields', 'Finance', '2019-06-30', '460.6', 1),
(66, 'Roob, Lynch and Runolfsson', 'n/a', '2019-04-08', '247.3', 1),
(67, 'Howe and Sons', 'Health Care', '2019-11-12', '227.4', 1),
(68, 'Roob Group', 'Finance', '2019-05-17', '40.7', 1),
(69, 'Hills-Feeney', 'Consumer Services', '2019-12-31', '355.0', 1),
(70, 'Balistreri LLC', 'Health Care', '2019-05-24', '244.2', 1),
(71, 'Schinner, Mann and McGlynn', 'Finance', '2019-08-21', '383.1', 1),
(72, 'Dooley and Sons', 'Health Care', '2019-08-28', '412.7', 1),
(73, 'Hamill, Wisoky and Hammes', 'Finance', '2019-05-26', '59.0', 1),
(74, 'Dach, Nicolas and Hansen', 'n/a', '2019-01-01', '443.7', 1),
(75, 'Will-Stehr', 'Consumer Services', '2019-11-24', '66.1', 1),
(76, 'Waters, Gleason and Wuckert', 'Technology', '2019-12-31', '87.7', 1),
(77, 'Beatty Group', 'n/a', '2019-05-03', '437.8', 1),
(78, 'Rice, Raynor and Fay', 'Health Care', '2019-08-12', '162.2', 1),
(79, 'Considine-Strosin', 'Technology', '2019-11-21', '282.9', 1),
(80, 'Block, Mosciski and Hackett', 'Health Care', '2019-10-17', '147.4', 1),
(81, 'Cassin-Hodkiewicz', 'Consumer Non-Durables', '2019-03-28', '308.9', 1),
(82, 'Bernier Group', 'n/a', '2019-10-26', '462.0', 1),
(83, 'Herman LLC', 'Health Care', '2019-01-11', '66.5', 1),
(84, 'Aufderhar, Douglas and Jacobson', 'n/a', '2019-09-13', '190.9', 1),
(85, 'Bogan, Legros and Reinger', 'Technology', '2019-06-26', '57.4', 1),
(86, 'Bergstrom Inc', 'Public Utilities', '2019-06-20', '96.7', 1),
(87, 'Thompson and Sons', 'n/a', '2019-11-18', '415.4', 1),
(88, 'Denesik, Trantow and O\'Reilly', 'n/a', '2019-04-12', '339.7', 1),
(89, 'Goldner and Sons', 'Basic Industries', '2019-03-07', '429.3', 1),
(90, 'Bradtke-Fadel', 'Finance', '2019-05-16', '266.1', 1),
(91, 'Stanton-Thompson', 'Technology', '2019-12-11', '433.9', 1),
(92, 'Abbott LLC', 'Finance', '2019-10-01', '132.5', 1),
(93, 'Douglas Group', 'Capital Goods', '2019-03-07', '251.5', 1),
(94, 'Bogisich LLC', 'Finance', '2019-03-31', '59.6', 1),
(95, 'Harris Inc', 'Capital Goods', '2019-09-14', '156.9', 1),
(96, 'Walsh-Cole', 'Public Utilities', '2019-01-04', '159.6', 1),
(97, 'Mertz-Monahan', 'Health Care', '2019-01-29', '75.1', 1),
(98, 'Weissnat-Marks', 'Health Care', '2019-07-21', '213.3', 1),
(99, 'Harvey-Bashirian', 'Finance', '2019-08-06', '469.8', 1),
(100, 'O\'Conner, Erdman and Robel', 'n/a', '2019-02-07', '340.8', 1),
(101, 'Labadie Inc', 'Finance', '2018-03-08', '140.0', 1),
(102, 'Quigley, Rath and Powlowski', 'Finance', '2018-11-22', '212.3', 1),
(103, 'Monahan-Wyman', 'Consumer Services', '2018-11-16', '343.7', 1),
(104, 'Keebler, Hagenes and Feeney', 'Energy', '2018-06-01', '261.1', 1),
(105, 'Medhurst Inc', 'Finance', '2018-09-20', '362.3', 1),
(106, 'Dickens Inc', 'Health Care', '2018-11-15', '470.6', 1),
(107, 'Waters Inc', 'Technology', '2018-04-03', '341.6', 1),
(108, 'Windler LLC', 'Miscellaneous', '2018-05-01', '319.1', 1),
(109, 'Dickens, O\'Kon and Kertzmann', 'Finance', '2018-04-12', '230.7', 1),
(110, 'Stoltenberg, Stoltenberg and Armstrong', 'Consumer Services', '2018-08-29', '58.0', 1),
(111, 'O\'Hara, Gusikowski and Moen', 'Consumer Services', '2018-04-04', '26.1', 1),
(112, 'McDermott LLC', 'Energy', '2018-07-11', '489.5', 1),
(113, 'Bode LLC', 'Energy', '2018-11-22', '139.7', 1),
(114, 'Crist, Lubowitz and Labadie', 'Finance', '2018-03-03', '183.2', 1),
(115, 'Hansen, Nienow and Moen', 'n/a', '2018-09-11', '176.9', 1),
(116, 'Homenick, West and McDermott', 'Technology', '2018-06-03', '476.9', 1),
(117, 'Dickinson-Wyman', 'Consumer Services', '2018-04-29', '323.0', 1),
(118, 'Lehner-Kutch', 'Consumer Services', '2018-12-29', '162.9', 1),
(119, 'Gibson Inc', 'Consumer Services', '2018-08-04', '148.4', 1),
(120, 'Schmidt, Ondricka and Heathcote', 'Consumer Non-Durables', '2018-06-14', '332.8', 1),
(121, 'Gerlach, Treutel and McGlynn', 'n/a', '2018-11-01', '25.2', 1),
(122, 'Bernier Group', 'Energy', '2018-08-10', '422.6', 1),
(123, 'Breitenberg-Nicolas', 'Technology', '2018-08-31', '394.0', 1),
(124, 'Bauch and Sons', 'n/a', '2018-04-24', '266.3', 1),
(125, 'Heller LLC', 'n/a', '2018-07-09', '405.6', 1),
(126, 'Sipes LLC', 'Technology', '2019-10-09', '38.9', 1),
(127, 'Toy-Cronin', 'n/a', '2019-05-23', '430.1', 1),
(128, 'Kerluke-MacGyver', 'Capital Goods', '2019-12-02', '46.0', 1),
(129, 'Huel-Stiedemann', 'Finance', '2019-01-25', '427.0', 1),
(130, 'Purdy, Kertzmann and Wisoky', 'Technology', '2019-05-21', '103.4', 1),
(131, 'Gaylord, Spinka and Bernhard', 'Consumer Services', '2019-06-18', '154.0', 1),
(132, 'Sipes, Bartell and Armstrong', 'n/a', '2019-04-27', '389.8', 1),
(133, 'Goodwin LLC', 'Technology', '2019-01-27', '427.8', 1),
(134, 'Adams-Kiehn', 'n/a', '2019-07-16', '50.6', 1),
(135, 'Abbott, Schmeler and Harris', 'Finance', '2019-12-08', '167.5', 1),
(136, 'Lowe-Russel', 'Health Care', '2019-05-20', '472.1', 1),
(137, 'Ledner-Grant', 'Consumer Services', '2019-01-16', '295.4', 1),
(138, 'Johnson, Auer and Anderson', 'Technology', '2019-04-23', '94.4', 1),
(139, 'Runte, Russel and King', 'Capital Goods', '2019-03-18', '171.9', 1),
(140, 'King-Schultz', 'n/a', '2019-10-10', '460.2', 1),
(141, 'Bednar and Sons', 'Miscellaneous', '2019-01-12', '305.2', 1),
(142, 'Fahey, Schaden and Gutkowski', 'Health Care', '2019-10-18', '130.7', 1),
(143, 'Mann, Schowalter and Doyle', 'Finance', '2019-05-23', '478.6', 1),
(144, 'Fritsch, Ullrich and Schmidt', 'Energy', '2019-06-12', '42.2', 1),
(145, 'Hahn-Gorczany', 'n/a', '2019-01-30', '374.4', 1),
(146, 'Kertzmann-Goyette', 'Technology', '2019-05-11', '393.1', 1),
(147, 'Schmitt, Yost and Schaden', 'Energy', '2019-01-24', '351.5', 1),
(148, 'Veum-Orn', 'Health Care', '2019-02-10', '450.8', 1),
(149, 'Gulgowski-Skiles', 'Finance', '2019-01-12', '356.4', 1),
(150, 'Hyatt-Price', 'Technology', '2019-11-07', '159.9', 1),
(151, 'Oberbrunner, Osinski and Windler', 'Finance', '2019-09-07', '380.4', 1),
(152, 'Cruickshank-Boyer', 'Health Care', '2019-08-26', '67.2', 1),
(153, 'Hilpert Inc', 'Finance', '2019-11-25', '382.2', 1),
(154, 'Gibson Group', 'Technology', '2019-09-16', '261.5', 1),
(155, 'Hoppe, White and Dach', 'Capital Goods', '2019-02-28', '330.0', 1),
(156, 'Baumbach, Yost and Weimann', 'Public Utilities', '2019-10-15', '237.6', 1),
(157, 'Emard, Brakus and Kautzer', 'Consumer Services', '2019-12-26', '151.0', 1),
(158, 'Dickens, Jast and Pfeffer', 'n/a', '2019-09-11', '112.3', 1),
(159, 'Hoppe LLC', 'Health Care', '2019-05-28', '192.3', 1),
(160, 'Pollich LLC', 'n/a', '2019-09-16', '432.8', 1),
(161, 'Zboncak Group', 'Finance', '2019-10-23', '125.2', 1),
(162, 'Prohaska and Sons', 'Technology', '2019-06-17', '87.0', 1),
(163, 'Rempel-Schulist', 'Consumer Services', '2019-06-02', '126.0', 1),
(164, 'Okuneva-Bailey', 'Consumer Non-Durables', '2019-02-25', '389.4', 1),
(165, 'Walsh, Dicki and Veum', 'Consumer Services', '2019-07-12', '135.5', 1),
(166, 'Berge-Mertz', 'Health Care', '2019-05-11', '237.6', 1),
(167, 'Hoeger, Dare and Botsford', 'n/a', '2019-11-27', '341.4', 1),
(168, 'McDermott, Block and Dooley', 'Health Care', '2019-09-01', '41.4', 1),
(169, 'King-Nolan', 'Finance', '2019-08-03', '79.0', 1),
(170, 'Ryan Inc', 'Public Utilities', '2019-03-11', '433.1', 1),
(171, 'Huels and Sons', 'Technology', '2019-08-15', '198.2', 1),
(172, 'Hammes and Sons', 'Consumer Services', '2019-10-28', '377.5', 1),
(173, 'Botsford, Gorczany and Johnson', 'n/a', '2019-08-18', '52.3', 1),
(174, 'Kuvalis, King and Feeney', 'Public Utilities', '2019-04-05', '290.1', 1),
(175, 'Jones, Gutkowski and Upton', 'Consumer Services', '2019-03-24', '85.4', 1),
(176, 'Blanda, Bechtelar and Waters', 'n/a', '2019-11-04', '458.5', 1),
(177, 'Abbott Group', 'Energy', '2019-07-11', '27.8', 1),
(178, 'Bradtke LLC', 'Technology', '2019-03-29', '475.5', 1),
(179, 'Olson-Bernhard', 'Health Care', '2019-11-23', '473.5', 1),
(180, 'Pfeffer LLC', 'Finance', '2019-01-07', '407.7', 1),
(181, 'Wilkinson-Collins', 'n/a', '2019-06-23', '234.4', 1),
(182, 'Ritchie, Zemlak and Corkery', 'Health Care', '2019-08-15', '78.3', 1),
(183, 'Brekke LLC', 'Consumer Non-Durables', '2019-12-06', '231.2', 1),
(184, 'Carroll-Koss', 'Health Care', '2019-11-05', '43.1', 1),
(185, 'Schowalter-Kuhic', 'Consumer Services', '2019-08-16', '196.4', 1),
(186, 'Fisher Inc', 'n/a', '2019-03-11', '239.2', 1),
(187, 'Price-Collins', 'n/a', '2019-09-03', '54.7', 1),
(188, 'Greenholt Inc', 'Capital Goods', '2019-02-12', '108.4', 1),
(189, 'Konopelski-Cummerata', 'Finance', '2019-06-05', '80.1', 1),
(190, 'Klein-Pacocha', 'Consumer Services', '2019-12-17', '111.9', 1),
(191, 'Murphy, Barrows and Baumbach', 'Capital Goods', '2019-08-12', '68.2', 1),
(192, 'Bernier Group', 'Finance', '2019-02-21', '413.7', 1),
(193, 'Halvorson LLC', 'Health Care', '2019-04-12', '150.5', 1),
(194, 'VonRueden, Goldner and Connelly', 'n/a', '2019-09-29', '271.1', 1),
(195, 'Runolfsdottir-Miller', 'Capital Goods', '2019-12-18', '321.8', 1),
(196, 'Davis, Haley and Murray', 'n/a', '2019-07-01', '488.3', 1),
(197, 'Hyatt-Stiedemann', 'Health Care', '2019-03-24', '357.4', 1),
(198, 'Hauck-Heidenreich', 'n/a', '2019-07-13', '270.1', 1),
(199, 'Lowe Group', 'Technology', '2019-12-21', '26.2', 1),
(200, 'Glover-Kassulke', 'Capital Goods', '2019-07-07', '407.9', 1),
(201, 'Lindgren-Hoppe', 'Health Care', '2019-11-28', '220.0', 1),
(202, 'Considine-Keebler', 'Basic Industries', '2019-09-25', '196.7', 1),
(203, 'Weimann, Donnelly and Schneider', 'Capital Goods', '2019-03-30', '79.5', 1),
(204, 'Purdy, Morar and Mosciski', 'Technology', '2019-07-07', '184.4', 1),
(205, 'Upton-Kihn', 'Miscellaneous', '2019-07-15', '306.9', 1),
(206, 'Prosacco-Hansen', 'Health Care', '2019-05-23', '409.0', 1),
(207, 'Daugherty, Gutkowski and Baumbach', 'Finance', '2019-03-22', '298.3', 1),
(208, 'Grimes Group', 'Public Utilities', '2019-09-09', '46.0', 1),
(209, 'Rutherford-Howell', 'Capital Goods', '2019-06-06', '102.6', 1),
(210, 'Yost-Kuhn', 'Consumer Services', '2019-06-07', '397.7', 1),
(211, 'Mertz and Sons', 'Public Utilities', '2019-09-19', '321.4', 1),
(212, 'Purdy-Zboncak', 'Health Care', '2019-02-26', '252.4', 1),
(213, 'Greenholt, Bernhard and Bins', 'n/a', '2019-09-28', '153.0', 1),
(214, 'Kihn-MacGyver', 'Consumer Services', '2019-11-04', '227.9', 1),
(215, 'Jerde, Hoppe and Emmerich', 'Health Care', '2019-05-31', '153.3', 1),
(216, 'Kuhn-Kohler', 'Finance', '2019-02-25', '21.9', 1),
(217, 'Jerde, Feil and Quitzon', 'Finance', '2019-05-10', '303.1', 1),
(218, 'Strosin Inc', 'Finance', '2019-05-16', '184.3', 1),
(219, 'Daugherty-Moore', 'Finance', '2019-03-25', '258.0', 1),
(220, 'Torphy, Rippin and Ward', 'Consumer Services', '2019-01-05', '306.3', 1),
(221, 'Ernser LLC', 'n/a', '2019-11-09', '433.7', 1),
(222, 'Ratke, Fadel and Cruickshank', 'Capital Goods', '2019-05-31', '81.7', 1),
(223, 'Bradtke Group', 'n/a', '2019-03-10', '139.2', 1),
(224, 'Gerlach Inc', 'Capital Goods', '2019-07-03', '371.8', 1),
(225, 'Wyman-Balistreri', 'Health Care', '2019-07-14', '441.4', 1),
(226, 'Armstrong, Streich and Wisozk', 'n/a', '2019-09-29', '425.3', 1),
(227, 'Luettgen-Schoen', 'Technology', '2019-03-14', '378.1', 1),
(228, 'Conroy, Strosin and Heaney', 'Energy', '2019-04-20', '385.6', 1),
(229, 'Rice-Champlin', 'Consumer Services', '2019-04-02', '117.8', 1),
(230, 'Brakus, Moore and Jerde', 'Basic Industries', '2019-11-22', '127.4', 1),
(231, 'Kohler and Sons', 'Public Utilities', '2019-11-22', '40.1', 1),
(232, 'Wehner-Frami', 'Technology', '2019-03-15', '298.4', 1),
(233, 'Konopelski-Mraz', 'Energy', '2019-09-23', '348.3', 1),
(234, 'Swaniawski, Yost and Hamill', 'Consumer Services', '2019-03-04', '228.5', 1),
(235, 'Spinka, Lockman and Bruen', 'Capital Goods', '2019-06-14', '235.4', 1),
(236, 'Ziemann-Hand', 'Consumer Durables', '2019-11-06', '458.0', 1),
(237, 'Schowalter, Schumm and Fadel', 'Public Utilities', '2019-04-11', '207.5', 1),
(238, 'Bayer, Braun and Hills', 'Consumer Services', '2019-04-05', '439.7', 1),
(239, 'Lindgren Inc', 'Technology', '2019-05-11', '80.5', 1),
(240, 'Osinski, Hand and Heathcote', 'Capital Goods', '2019-07-30', '285.4', 1),
(241, 'Mueller and Sons', 'Finance', '2019-08-18', '254.0', 1),
(242, 'Koss-Sipes', 'Health Care', '2019-05-01', '118.8', 1),
(243, 'Bergnaum, Frami and Jacobson', 'Public Utilities', '2019-01-24', '312.3', 1),
(244, 'Senger, McCullough and Krajcik', 'n/a', '2019-06-05', '363.7', 1),
(245, 'Bednar-Spinka', 'Health Care', '2019-10-17', '255.9', 1),
(246, 'Kuhn and Sons', 'n/a', '2019-11-11', '449.6', 1),
(247, 'Tromp-Bergnaum', 'Consumer Non-Durables', '2019-08-07', '389.3', 1),
(248, 'Wiza-Luettgen', 'n/a', '2019-09-07', '116.9', 1),
(249, 'Zieme-Murray', 'Finance', '2019-07-26', '347.9', 1),
(250, 'Pfannerstill Inc', 'Technology', '2019-08-09', '145.3', 1),
(251, 'Windler, Dietrich and Macejkovic', 'Consumer Services', '2019-12-29', '497.9', 1),
(252, 'Wyman-Schaefer', 'n/a', '2019-03-14', '160.9', 1),
(253, 'Cassin-Grady', 'n/a', '2019-12-09', '424.5', 1),
(254, 'Wolf and Sons', 'Finance', '2019-06-11', '307.4', 1),
(255, 'White-Kulas', 'Consumer Services', '2019-09-24', '135.8', 1),
(256, 'Christiansen-Botsford', 'Energy', '2019-08-01', '414.7', 1),
(257, 'MacGyver, Wisoky and Muller', 'n/a', '2019-09-28', '373.2', 1),
(258, 'Gutkowski, Kutch and Halvorson', 'n/a', '2019-03-15', '347.3', 1),
(259, 'Harber, O\'Reilly and Bogisich', 'n/a', '2019-01-12', '253.1', 1),
(260, 'Rodriguez, Satterfield and Dach', 'Consumer Services', '2019-06-01', '241.3', 1),
(261, 'Quigley, Mertz and Kuhn', 'Consumer Services', '2019-07-25', '246.8', 1),
(262, 'Kohler-Senger', 'Health Care', '2019-02-14', '480.2', 1),
(263, 'Wuckert, Gaylord and Stanton', 'Technology', '2019-06-02', '358.9', 1),
(264, 'Satterfield and Sons', 'Technology', '2019-02-22', '267.0', 1),
(265, 'Kuhic, Gerlach and Considine', 'n/a', '2019-12-09', '261.0', 1),
(266, 'Bayer Group', 'n/a', '2019-03-10', '408.4', 1),
(267, 'Borer Group', 'n/a', '2019-09-10', '177.2', 1),
(268, 'Little, Abernathy and Flatley', 'n/a', '2019-05-09', '359.0', 1),
(269, 'Douglas, Frami and Sauer', 'n/a', '2019-07-26', '277.5', 1),
(270, 'Ledner-Stehr', 'Technology', '2019-12-02', '100.1', 1),
(271, 'Howell Group', 'Public Utilities', '2019-03-28', '134.9', 1),
(272, 'Bednar LLC', 'Consumer Services', '2019-01-09', '283.3', 1),
(273, 'Hane, Kuhlman and Nader', 'Basic Industries', '2019-03-23', '134.5', 1),
(274, 'Cummerata and Sons', 'n/a', '2019-06-08', '404.0', 1),
(275, 'O\'Kon-Mitchell', 'Consumer Services', '2019-01-23', '422.7', 1),
(276, 'Greenfelder LLC', 'Finance', '2019-06-24', '273.3', 1),
(277, 'Reinger and Sons', 'Finance', '2019-11-08', '309.2', 1),
(278, 'Rolfson-Lehner', 'Finance', '2019-01-13', '176.0', 1),
(279, 'Daniel Inc', 'Technology', '2019-12-18', '241.0', 1),
(280, 'Osinski-Welch', 'Energy', '2019-08-24', '139.8', 1),
(281, 'Erdman Inc', 'Finance', '2019-11-05', '107.0', 1),
(282, 'Reinger, Gerhold and Tillman', 'Energy', '2019-01-13', '113.5', 1),
(283, 'Brakus, Rowe and Rath', 'n/a', '2019-07-25', '137.9', 1),
(284, 'Russel, Feest and Welch', 'n/a', '2019-09-07', '472.5', 1),
(285, 'Yundt Group', 'Basic Industries', '2019-11-17', '423.9', 1),
(286, 'McKenzie-Schimmel', 'Consumer Non-Durables', '2019-06-20', '44.2', 1),
(287, 'Bartell Group', 'Health Care', '2019-08-26', '304.4', 1),
(288, 'Parisian Group', 'n/a', '2019-01-12', '81.8', 1),
(289, 'Stoltenberg-Auer', 'Health Care', '2019-03-24', '242.5', 1),
(290, 'Kuhn, Botsford and Torp', 'n/a', '2019-09-17', '475.6', 1),
(291, 'Bechtelar-Trantow', 'Consumer Services', '2019-09-19', '194.1', 1),
(292, 'Kohler LLC', 'Public Utilities', '2019-08-28', '480.2', 1),
(293, 'Bogisich and Sons', 'n/a', '2019-11-17', '301.2', 1),
(294, 'Ernser, Bode and Crist', 'Public Utilities', '2019-04-28', '129.1', 1),
(295, 'Huels LLC', 'Finance', '2019-03-19', '107.6', 1),
(296, 'Brakus and Sons', 'Miscellaneous', '2019-05-23', '138.7', 1),
(297, 'Beer-Stanton', 'n/a', '2019-07-17', '233.8', 1),
(298, 'Fadel and Sons', 'Health Care', '2019-11-23', '197.5', 1),
(299, 'Rodriguez-Casper', 'Technology', '2019-07-03', '239.8', 1),
(300, 'Braun-Wilderman', 'n/a', '2019-05-16', '98.4', 1),
(301, 'Conn, Jones and Brakus', 'n/a', '2019-03-28', '242.6', 1),
(302, 'Streich and Sons', 'Energy', '2019-04-11', '121.8', 1),
(303, 'Bartell, Doyle and Murphy', 'Capital Goods', '2019-03-16', '147.3', 1),
(304, 'Bauch-Kreiger', 'Technology', '2019-02-20', '56.6', 1),
(305, 'Kautzer Inc', 'Consumer Services', '2019-12-02', '106.7', 1),
(306, 'Green Group', 'Public Utilities', '2019-11-10', '476.8', 1),
(307, 'Mraz Group', 'Public Utilities', '2019-02-27', '198.7', 1),
(308, 'Lehner, Runte and Cummerata', 'Health Care', '2019-04-29', '416.0', 1),
(309, 'Gleason Inc', 'Finance', '2019-01-30', '287.8', 1),
(310, 'Stehr Group', 'n/a', '2019-10-05', '430.8', 1),
(311, 'Wolf LLC', 'n/a', '2019-06-03', '61.4', 1),
(312, 'Parker LLC', 'n/a', '2019-08-26', '309.9', 1),
(313, 'Farrell, Streich and Swaniawski', 'n/a', '2019-06-20', '95.7', 1),
(314, 'McLaughlin Inc', 'Public Utilities', '2019-01-03', '459.8', 1),
(315, 'Schowalter Group', 'n/a', '2019-08-17', '95.0', 1),
(316, 'Goodwin, Lang and Hane', 'Consumer Durables', '2019-04-15', '356.7', 1),
(317, 'Lindgren, Walter and Turcotte', 'Health Care', '2019-12-18', '53.4', 1),
(318, 'Bauch LLC', 'n/a', '2019-12-06', '60.9', 1),
(319, 'Hermiston-Fritsch', 'Finance', '2019-08-03', '342.4', 1),
(320, 'Satterfield-Schaefer', 'Health Care', '2019-12-08', '191.5', 1),
(321, 'Kassulke-Parisian', 'Energy', '2019-03-23', '465.3', 1),
(322, 'Goyette-Kreiger', 'Capital Goods', '2019-04-12', '199.4', 1),
(323, 'Carroll, Metz and Runolfsson', 'Energy', '2019-09-11', '489.8', 1),
(324, 'McKenzie, Kreiger and Batz', 'Technology', '2019-12-17', '375.5', 1),
(325, 'Yost, Lockman and Mills', 'Public Utilities', '2019-12-02', '114.3', 1),
(326, 'O\'Reilly Inc', 'Health Care', '2019-10-04', '216.0', 1),
(327, 'Koelpin, Pollich and Rath', 'Finance', '2019-01-25', '156.4', 1),
(328, 'Kerluke-Rodriguez', 'Finance', '2019-08-29', '219.7', 1),
(329, 'Reichel Group', 'n/a', '2019-05-22', '153.7', 1),
(330, 'Howe, Murphy and Doyle', 'Finance', '2019-10-26', '451.2', 1),
(331, 'McGlynn, Bernier and Nitzsche', 'Finance', '2019-04-13', '499.8', 1),
(332, 'Stark-Konopelski', 'Finance', '2019-02-12', '411.0', 1),
(333, 'Rau Inc', 'Finance', '2019-05-13', '103.6', 1),
(334, 'Nikolaus, Hane and Wisoky', 'Consumer Non-Durables', '2019-07-01', '362.3', 1),
(335, 'Smitham-Erdman', 'Consumer Services', '2019-12-10', '396.3', 1),
(336, 'Durgan Inc', 'Health Care', '2019-10-18', '154.8', 1),
(337, 'Greenfelder, Morar and Kiehn', 'Finance', '2019-11-13', '145.1', 1),
(338, 'Beahan, Jones and Collier', 'Energy', '2019-09-14', '482.2', 1),
(339, 'Koch, Schuster and Okuneva', 'Energy', '2019-02-17', '424.5', 1),
(340, 'Kessler and Sons', 'Finance', '2019-04-02', '347.6', 1),
(341, 'Kirlin, Schaden and Graham', 'Public Utilities', '2019-09-04', '423.5', 1),
(342, 'Beier, Watsica and Upton', 'Basic Industries', '2019-02-15', '334.9', 1),
(343, 'Schultz-Okuneva', 'Capital Goods', '2019-10-25', '245.0', 1),
(344, 'Larson and Sons', 'Consumer Services', '2019-03-24', '327.3', 1),
(345, 'Parker, Gerhold and Hudson', 'Finance', '2019-04-08', '73.5', 1),
(346, 'Bode, Purdy and Emmerich', 'Health Care', '2019-11-12', '435.5', 1),
(347, 'Orn, Davis and Bednar', 'Capital Goods', '2019-01-09', '366.9', 1),
(348, 'Collins, Kerluke and Schmitt', 'n/a', '2019-05-26', '186.2', 1),
(349, 'Kub LLC', 'Health Care', '2019-12-28', '182.5', 1),
(350, 'Klein, Bruen and Grant', 'Capital Goods', '2019-07-27', '481.4', 1),
(351, 'Gusikowski LLC', 'Basic Industries', '2019-10-09', '487.2', 1),
(352, 'Mante Inc', 'Health Care', '2019-11-12', '444.7', 1),
(353, 'Stokes, Streich and Russel', 'Health Care', '2019-08-08', '157.8', 1),
(354, 'Brown-Ledner', 'Health Care', '2019-03-06', '456.6', 1),
(355, 'O\'Conner-Borer', 'Technology', '2019-01-13', '98.0', 1),
(356, 'Bechtelar-Stracke', 'n/a', '2019-08-08', '282.9', 1),
(357, 'Ratke-Olson', 'Basic Industries', '2019-12-28', '52.9', 1),
(358, 'Hilll-Conn', 'Technology', '2019-12-31', '243.4', 1),
(359, 'Pfeffer LLC', 'n/a', '2019-09-26', '397.5', 1),
(360, 'Simonis, Boehm and Hauck', 'Capital Goods', '2019-05-07', '386.7', 1),
(361, 'Tremblay, Dooley and Gaylord', 'Consumer Durables', '2019-02-25', '173.6', 1),
(362, 'Stokes-Ernser', 'Consumer Services', '2019-12-01', '413.2', 1),
(363, 'Boehm, Raynor and Mertz', 'Health Care', '2019-12-12', '366.1', 1),
(364, 'Shanahan and Sons', 'Energy', '2019-01-03', '467.9', 1),
(365, 'Douglas, O\'Conner and Lubowitz', 'Energy', '2019-01-05', '35.8', 1),
(366, 'Labadie and Sons', 'Finance', '2019-10-14', '347.3', 1),
(367, 'Schuppe, Heller and Tremblay', 'Consumer Services', '2019-04-10', '237.1', 1),
(368, 'Beahan-Conroy', 'Health Care', '2019-04-06', '261.7', 1),
(369, 'Zieme, Rutherford and Davis', 'Health Care', '2019-05-26', '447.4', 1),
(370, 'Schaefer, Mosciski and Willms', 'n/a', '2019-04-17', '163.8', 1),
(371, 'Abbott, Wintheiser and Brakus', 'n/a', '2019-07-20', '210.3', 1),
(372, 'Purdy and Sons', 'n/a', '2019-01-15', '246.2', 1),
(373, 'Hilll Group', 'Health Care', '2019-09-18', '20.3', 1),
(374, 'Bartell, Hagenes and Hilpert', 'Finance', '2019-09-06', '359.5', 1),
(375, 'Klein Group', 'Health Care', '2019-05-02', '289.3', 1),
(376, 'Macejkovic and Sons', 'Finance', '2019-12-09', '295.3', 1),
(377, 'Flatley LLC', 'Consumer Services', '2019-02-14', '89.4', 1),
(378, 'Okuneva Group', 'n/a', '2019-01-02', '494.6', 1),
(379, 'Durgan, Ruecker and Luettgen', 'n/a', '2019-07-23', '447.3', 1),
(380, 'Anderson-Mante', 'Finance', '2019-04-13', '166.0', 1),
(381, 'Bailey-Conroy', 'n/a', '2019-07-18', '326.9', 1),
(382, 'Hirthe, Kreiger and Hammes', 'Finance', '2019-10-23', '301.2', 1),
(383, 'Smith Inc', 'Finance', '2019-09-25', '340.0', 1),
(384, 'Kohler, Miller and Morissette', 'Finance', '2019-06-25', '169.0', 1),
(385, 'Kuhn, Crona and Powlowski', 'Finance', '2019-10-05', '310.2', 1),
(386, 'Buckridge Group', 'n/a', '2019-12-12', '136.0', 1),
(387, 'Adams Inc', 'Energy', '2019-11-16', '436.5', 1),
(388, 'Shields, McGlynn and Emmerich', 'Consumer Durables', '2019-12-13', '330.4', 1),
(389, 'Kilback Group', 'Energy', '2019-07-05', '275.3', 1),
(390, 'Adams Group', 'n/a', '2019-03-21', '457.0', 1),
(391, 'Rohan Group', 'Energy', '2019-10-11', '415.7', 1),
(392, 'Walsh-Gaylord', 'Health Care', '2019-09-16', '411.2', 1),
(393, 'Witting-Harris', 'Capital Goods', '2019-02-06', '226.8', 1),
(394, 'Herzog-Olson', 'Consumer Services', '2019-04-20', '61.1', 1),
(395, 'Ullrich-Carroll', 'Health Care', '2019-08-26', '292.3', 1),
(396, 'Waelchi-Langworth', 'n/a', '2019-01-04', '262.2', 1),
(397, 'Bosco-Schinner', 'Finance', '2019-10-10', '74.2', 1),
(398, 'Beer, Bruen and Kulas', 'n/a', '2019-10-25', '78.2', 1),
(399, 'Boyer-Rogahn', 'Finance', '2019-10-01', '114.7', 1),
(400, 'Predovic, Dibbert and Senger', 'Health Care', '2019-04-26', '213.7', 1),
(401, 'compra semanal', 'productos por mayor', '2018-02-02', '100.0', 1),
(402, 'gastos personales', 'gastos', '2018-03-04', '100.0', 1),
(403, 'compra producto', 'compra', '2018-07-05', '150.0', 1),
(404, 'Pagos Personales', 'Pagos', '2018-06-07', '200.0', 1),
(512, 'material', 'domestico', '2019-12-29', '200.0', 1),
(513, 'trasporte', 'entrega de puertas', '2017-05-04', '150.0', 1),
(514, 'transporte', 'entrega de puertas', '2017-04-05', '150.0', 1);

-- --------------------------------------------------------

--
-- Estructura de tabla para la tabla `productos`
--

CREATE TABLE `productos` (
  `id_prod` int(11) NOT NULL,
  `nomb_prod` varchar(45) DEFAULT NULL,
  `tipo_prod_idtipo_prod` int(11) NOT NULL,
  `precio_prod` decimal(6,1) DEFAULT NULL,
  `stock` int(11) DEFAULT NULL
) ENGINE=InnoDB DEFAULT CHARSET=utf8;

--
-- Volcado de datos para la tabla `productos`
--

INSERT INTO `productos` (`id_prod`, `nomb_prod`, `tipo_prod_idtipo_prod`, `precio_prod`, `stock`) VALUES
(1, 'puerta', 2, '500.0', 20),
(2, 'bolsa de clavos', 4, '16.0', 100),
(3, 'rollo de lija', 1, '4.0', 54),
(4, 'pintura monopol', 3, '45.0', 20),
(5, 'barnis', 3, '15.0', 30),
(6, 'destornillador', 1, '12.5', 150),
(7, 'lima', 1, '12.0', 26),
(8, 'alicate', 1, '16.0', 24),
(9, 'llave fija o de tubo', 1, '22.0', 57),
(10, 'llave estrella', 1, '14.0', 59),
(11, 'martillo', 1, '35.0', 60),
(12, 'sierre de mano', 1, '25.0', 11),
(13, 'tenazas', 1, '12.0', 45),
(14, 'abrazaderas', 12, '2.0', 58),
(15, 'clavija', 12, '8.0', 77),
(16, 'broca de acero', 11, '3.0', 24),
(17, 'broca de diamante', 11, '5.0', 15),
(18, 'disco de diamante', 11, '25.0', 15),
(19, 'placa de tornillo', 11, '20.0', 10),
(20, 'esmalte', 3, '10.0', 22),
(21, 'disolvente', 3, '15.0', 21),
(22, 'pigmentos', 3, '5.0', 24),
(23, 'pintura antideslizantes', 3, '12.0', 17),
(24, 'andamio de aluminio', 8, '45.0', 5),
(25, 'escalera de 2 pies', 8, '30.0', 7),
(26, 'escalera de madera', 8, '40.0', 28),
(27, 'rampas', 8, '25.0', 3),
(28, 'taburetes', 8, '25.0', 7),
(29, 'accesorio de escalera', 8, '7.0', 12),
(30, 'lubricante', 7, '15.0', 17),
(31, 'grasa o aseite', 7, '12.0', 11),
(32, 'lubricante para automovil', 7, '16.0', 8),
(33, 'adhesivos instantaneo', 5, '4.0', 20),
(34, 'adhesivos para madera', 5, '4.0', 46),
(35, 'silicona', 5, '22.0', 30),
(36, 'pegamento', 5, '5.0', 30),
(37, 'colas', 5, '10.0', 40),
(38, 'masilla', 5, '15.0', 36),
(39, 'pasta para la pared', 5, '10.0', 40),
(40, 'pistola de silicona', 1, '25.0', 21),
(41, 'clavo de 12 plg', 4, '10.0', 30),
(42, 'tornillo largo', 4, '15.0', 25),
(43, 'codos', 10, '5.0', 40),
(44, 'enchufe rapido', 10, '10.0', 40),
(45, 'tuberia de plastico', 10, '8.0', 25),
(46, 'tuberia de acero', 10, '15.0', 23),
(47, 'codos de acero', 10, '12.0', 34),
(48, 'tubo', 10, '14.0', 26),
(49, 'mirillas', 10, '12.0', 67),
(50, 'alicate', 1, '10.0', 0),
(64, 'remachadora', 11, '30.0', 5),
(65, 'espatula', 1, '5.0', 10),
(66, 'plancha', 1, '8.0', 10),
(67, 'puerta trupan dosxuno escalera', 2, '700.0', 5);

-- --------------------------------------------------------

--
-- Estructura de tabla para la tabla `proveedor`
--

CREATE TABLE `proveedor` (
  `id_prov` int(11) NOT NULL,
  `nombreProv` varchar(45) DEFAULT NULL,
  `nombreEmpresa` varchar(45) DEFAULT NULL,
  `direccion` varchar(45) DEFAULT NULL,
  `telefono` int(11) DEFAULT NULL
) ENGINE=InnoDB DEFAULT CHARSET=utf8;

--
-- Volcado de datos para la tabla `proveedor`
--

INSERT INTO `proveedor` (`id_prov`, `nombreProv`, `nombreEmpresa`, `direccion`, `telefono`) VALUES
(1, 'jose', 'monopol', 'calle 22', 4356563),
(2, 'pedro', 'Pernosbol', 'Zona: Sur Calle: 25', 2345320),
(3, 'hector', 'Silena', 'calle 8 Zona Sur', 4890033),
(4, 'alejandro', 'crunch', 'Villa fatima calle mercedes', 5839433),
(5, 'maria', 'Concretec', 'Avenida Ceja del Alto', 6495002);

-- --------------------------------------------------------

--
-- Estructura de tabla para la tabla `tipo_prod`
--

CREATE TABLE `tipo_prod` (
  `idtipo_prod` int(11) NOT NULL,
  `nombre` varchar(45) DEFAULT NULL
) ENGINE=InnoDB DEFAULT CHARSET=utf8;

--
-- Volcado de datos para la tabla `tipo_prod`
--

INSERT INTO `tipo_prod` (`idtipo_prod`, `nombre`) VALUES
(1, 'herramienta de mano'),
(2, 'puertas de madera'),
(3, 'pinturas'),
(4, 'clavos y tornillos'),
(5, 'bolsas y productos de sellado'),
(6, 'iluminacion y alumbrado'),
(7, 'lubricantes'),
(8, 'escaleras'),
(9, 'productos de sellados'),
(10, 'tuberias y accesorios'),
(11, 'herramienta para maquina'),
(12, 'elementos de union');

-- --------------------------------------------------------

--
-- Estructura de tabla para la tabla `tipo_usuario`
--

CREATE TABLE `tipo_usuario` (
  `id_tipo_usu` int(11) NOT NULL,
  `tipo` varchar(45) DEFAULT NULL
) ENGINE=InnoDB DEFAULT CHARSET=utf8;

--
-- Volcado de datos para la tabla `tipo_usuario`
--

INSERT INTO `tipo_usuario` (`id_tipo_usu`, `tipo`) VALUES
(1, 'propietario'),
(2, 'empleado');

-- --------------------------------------------------------

--
-- Estructura de tabla para la tabla `venta`
--

CREATE TABLE `venta` (
  `id_vent` int(11) NOT NULL,
  `nombreCliente` varchar(45) DEFAULT NULL,
  `cantidad_vent` int(11) DEFAULT NULL,
  `fecha` date DEFAULT NULL,
  `productos_id_prod` int(11) NOT NULL,
  `usuario_id_prop` int(11) NOT NULL
) ENGINE=InnoDB DEFAULT CHARSET=utf8;

--
-- Volcado de datos para la tabla `venta`
--

INSERT INTO `venta` (`id_vent`, `nombreCliente`, `cantidad_vent`, `fecha`, `productos_id_prod`, `usuario_id_prop`) VALUES
(1, 'Ethelind Innes', 9, '2019-08-29', 22, 1),
(2, 'Bertie Vaisey', 26, '2017-07-30', 50, 1),
(3, 'Jeromy Shelborne', 27, '2016-07-13', 39, 1),
(4, 'Saraann Hyam', 14, '2017-03-28', 48, 2),
(5, 'Suki Fownes', 29, '2016-10-14', 9, 2),
(6, 'Levin Vanelli', 17, '2017-02-27', 30, 2),
(7, 'Jasper Willetts', 18, '2018-09-08', 41, 1),
(8, 'Sam McNicol', 30, '2016-09-21', 17, 2),
(9, 'Frances Staniford', 7, '2018-01-02', 14, 2),
(10, 'Rodolfo Baggalley', 9, '2017-08-24', 10, 1),
(11, 'Waite Fetherby', 2, '2017-07-11', 18, 1),
(12, 'Celinda Bernardy', 13, '2019-11-24', 27, 2),
(13, 'Claiborne Fraschetti', 30, '2018-04-15', 38, 1),
(14, 'Elijah Seleway', 15, '2016-09-09', 38, 2),
(15, 'Romona Iskowicz', 16, '2017-03-30', 3, 2),
(16, 'Zitella Ison', 15, '2018-10-07', 4, 2),
(17, 'Virgie Anglish', 6, '2018-04-30', 27, 2),
(18, 'Kameko Elders', 14, '2019-09-19', 12, 1),
(19, 'Ansel Dominec', 2, '2016-06-27', 3, 2),
(20, 'Augy Gronous', 10, '2019-01-01', 32, 2),
(21, 'Inna Brock', 10, '2016-04-24', 35, 2),
(22, 'Constantina McKeachie', 7, '2017-02-21', 1, 1),
(23, 'Dill Harroway', 10, '2019-03-31', 41, 2),
(24, 'Courtnay Coffin', 10, '2017-09-06', 28, 2),
(25, 'Lucilia Sabbin', 3, '2018-05-03', 13, 2),
(26, 'Donelle Cansfield', 2, '2017-09-02', 18, 1),
(27, 'Niall Lindeboom', 2, '2016-04-20', 13, 2),
(28, 'Blancha Hambrick', 4, '2016-03-17', 31, 1),
(29, 'Edmon Dubose', 29, '2018-08-04', 23, 2),
(30, 'Patrica Peotz', 29, '2018-08-09', 42, 1),
(31, 'Gray Ward', 27, '2017-10-07', 20, 2),
(32, 'Lisabeth Prinn', 30, '2016-06-04', 12, 2),
(33, 'Fransisco Schwander', 11, '2018-02-20', 11, 2),
(34, 'Briant Drane', 27, '2016-12-22', 38, 2),
(35, 'Feliks Beavan', 9, '2016-03-24', 13, 1),
(36, 'Rickard Fenners', 25, '2019-02-21', 49, 2),
(37, 'Ralina Langstrath', 3, '2018-10-31', 40, 2),
(38, 'Shepperd Burdge', 20, '2018-05-29', 39, 2),
(39, 'Jany Elverston', 13, '2018-10-17', 4, 1),
(40, 'Farly Pawley', 4, '2016-03-31', 19, 2),
(41, 'Concettina Burroughes', 10, '2018-06-16', 40, 1),
(42, 'Julienne Feaster', 1, '2018-12-20', 12, 1),
(43, 'Jo-anne Andrioli', 2, '2018-08-12', 32, 1),
(44, 'Shayna Franciottoi', 20, '2017-08-14', 4, 1),
(45, 'Quint Couvert', 29, '2019-08-15', 10, 2),
(46, 'Thorpe Kuzma', 25, '2016-12-18', 17, 1),
(47, 'Ferd Andrasch', 3, '2019-12-10', 50, 1),
(48, 'Carlene Ponsford', 12, '2018-07-16', 5, 2),
(49, 'Vittoria Raymont', 9, '2019-02-11', 5, 1),
(50, 'Kerr Bockman', 22, '2018-05-29', 33, 2),
(51, 'Rae O\'Kerin', 22, '2018-06-11', 13, 2),
(52, 'Francois Measor', 16, '2018-11-16', 47, 2),
(53, 'Frasco Lomas', 28, '2018-11-03', 2, 2),
(54, 'Taryn Fosdike', 17, '2019-11-24', 48, 1),
(55, 'Nowell Farlowe', 15, '2019-08-28', 45, 2),
(56, 'Darsie Cordeau', 19, '2019-01-16', 17, 2),
(57, 'Eleonora Stolberger', 14, '2017-11-07', 46, 2),
(58, 'Rahal Velten', 5, '2019-09-23', 29, 1),
(59, 'Deana Smitheram', 27, '2018-01-05', 21, 1),
(60, 'Dan Tenaunt', 15, '2016-06-24', 32, 1),
(61, 'Bette MacArthur', 28, '2018-11-14', 6, 1),
(62, 'Kathye Putnam', 27, '2019-08-06', 33, 2),
(63, 'Hillel Foord', 26, '2019-05-20', 10, 1),
(64, 'Manon Marsland', 23, '2019-11-05', 32, 2),
(65, 'Kenton Bramo', 15, '2018-05-20', 46, 1),
(66, 'Alberto Moakson', 11, '2019-11-22', 45, 1),
(67, 'Adore MacFarlane', 29, '2019-09-08', 39, 2),
(68, 'Ara Paradin', 10, '2019-04-25', 6, 1),
(69, 'Tabb Galier', 27, '2017-12-11', 4, 1),
(70, 'Griswold Skamal', 19, '2017-10-01', 9, 2),
(71, 'Bond Lief', 23, '2016-12-10', 40, 2),
(72, 'Ewart Shrieves', 26, '2019-12-09', 1, 1),
(73, 'Lemar Cund', 15, '2019-11-25', 2, 1),
(74, 'Lew Hudel', 10, '2016-09-01', 9, 2),
(75, 'Rachele Summerson', 10, '2017-02-09', 23, 2),
(76, 'Andee Dinnis', 24, '2018-08-02', 8, 2),
(77, 'Gunner Graal', 7, '2016-07-11', 44, 2),
(78, 'Sallie Jaffray', 11, '2019-07-09', 46, 2),
(79, 'Babbie Broster', 24, '2016-04-19', 40, 2),
(80, 'Fairleigh Leipoldt', 5, '2017-04-25', 38, 1),
(81, 'Brita Eldin', 18, '2018-06-23', 23, 2),
(82, 'Donielle Culligan', 10, '2018-06-01', 41, 1),
(83, 'Montgomery Gillespey', 24, '2018-05-16', 22, 1),
(84, 'Corri Davall', 4, '2018-03-14', 26, 1),
(85, 'Constantine Hurd', 11, '2017-11-29', 32, 2),
(86, 'Elysee Dalrymple', 29, '2019-02-27', 19, 2),
(87, 'Clarette Robertis', 25, '2019-08-15', 36, 2),
(88, 'Melisent Askey', 19, '2019-10-31', 46, 1),
(89, 'Eb Ianizzi', 19, '2016-10-13', 20, 1),
(90, 'Redford Huleatt', 7, '2018-01-25', 4, 2),
(91, 'Mable Bleackley', 30, '2017-03-23', 15, 2),
(92, 'Shermie Giacoppo', 1, '2016-10-19', 28, 2),
(93, 'Lynea Naulls', 6, '2018-08-31', 36, 2),
(94, 'Penrod Clancy', 30, '2019-05-28', 47, 2),
(95, 'Isa Olanda', 21, '2016-12-05', 17, 2),
(96, 'Sheree Desforges', 4, '2018-06-11', 34, 2),
(97, 'Rolando Howden', 27, '2019-08-25', 39, 1),
(98, 'Kendricks Alchin', 10, '2016-05-08', 47, 1),
(99, 'Ange Heaselgrave', 23, '2016-02-27', 32, 1),
(100, 'Aggi Senton', 16, '2017-08-14', 36, 1),
(101, 'Wilmer Rowthorne', 16, '2019-03-13', 23, 1),
(102, 'Gerty Paddie', 25, '2018-04-01', 40, 2),
(103, 'Friedrick Kitchinham', 15, '2019-08-09', 24, 1),
(104, 'Aggie Burstow', 12, '2017-02-04', 2, 2),
(105, 'Crin Moriarty', 29, '2018-01-16', 7, 1),
(106, 'Carline Bluschke', 6, '2017-04-07', 45, 1),
(107, 'Phoebe Thompstone', 9, '2016-08-05', 7, 2),
(108, 'Yurik Dumper', 15, '2018-08-10', 47, 1),
(109, 'Garth Nickell', 19, '2016-02-07', 24, 2),
(110, 'Darbee Byk', 23, '2019-07-25', 11, 2),
(111, 'Seamus Segar', 9, '2019-06-11', 20, 2),
(112, 'Durand Arnoult', 7, '2018-03-09', 29, 2),
(113, 'Peyton O\'Doherty', 28, '2017-12-08', 18, 1),
(114, 'Elli Sango', 18, '2016-09-26', 38, 2),
(115, 'Leone Sprowell', 8, '2019-09-03', 49, 2),
(116, 'Darby Moffatt', 4, '2019-08-23', 50, 2),
(117, 'Lillis Ponsford', 9, '2016-06-19', 50, 2),
(118, 'Tannie Tiley', 5, '2019-07-20', 49, 1),
(119, 'Kynthia Watmore', 20, '2019-08-03', 19, 1),
(120, 'Tonie Annell', 20, '2016-03-19', 37, 2),
(121, 'Hobie Clemes', 28, '2019-07-14', 36, 1),
(122, 'Camilla Patters', 21, '2018-01-04', 5, 1),
(123, 'Farlay Clayfield', 23, '2019-03-31', 47, 1),
(124, 'Kirstyn Linkie', 5, '2017-08-26', 39, 1),
(125, 'Isaak Vesco', 13, '2019-08-03', 10, 1),
(126, 'Bridget Rooke', 20, '2019-05-11', 1, 1),
(127, 'Kerry Warin', 12, '2019-05-13', 26, 1),
(128, 'Timothea Wanek', 21, '2019-12-14', 40, 2),
(129, 'Floyd Dearman', 7, '2019-11-07', 1, 2),
(130, 'Land McNirlan', 11, '2017-07-04', 37, 1),
(131, 'Kaine Lehrahan', 10, '2017-12-30', 30, 1),
(132, 'Gracie Harower', 4, '2018-07-11', 11, 2),
(133, 'Marna Bierman', 4, '2019-07-17', 29, 2),
(134, 'Angie Matzaitis', 29, '2017-11-30', 30, 1),
(135, 'Bradan Reding', 26, '2019-07-05', 7, 1),
(136, 'Desmond Ciubutaro', 16, '2017-12-21', 21, 1),
(137, 'Lorilee De Ruggiero', 5, '2018-04-13', 41, 1),
(138, 'Susan Culwen', 11, '2016-12-19', 18, 2),
(139, 'Gavra Sevier', 8, '2016-08-15', 3, 2),
(140, 'Anna Macallam', 8, '2018-08-01', 48, 2),
(141, 'Ogdon Waldera', 7, '2017-07-20', 14, 1),
(142, 'Bernardine Cruse', 18, '2017-04-05', 3, 1),
(143, 'Alvin Tointon', 24, '2017-03-27', 40, 2),
(144, 'Anna-maria Posselow', 21, '2018-10-01', 41, 1),
(145, 'Kerrill Wegenen', 1, '2016-09-28', 2, 2),
(146, 'Kyla Burkhill', 26, '2018-11-04', 29, 2),
(147, 'Fidole Gwatkins', 1, '2018-09-06', 35, 2),
(148, 'Ranee Jerche', 9, '2019-12-14', 49, 1),
(149, 'Darcy Filyaev', 4, '2016-08-04', 5, 2),
(150, 'Fredericka Dimitrie', 24, '2018-07-07', 42, 2),
(151, 'Jenifer Hasslocher', 12, '2019-11-18', 15, 2),
(152, 'Bibby Daldan', 11, '2018-10-14', 12, 1),
(153, 'Ross Yeowell', 20, '2017-06-13', 39, 1),
(154, 'Lucinda Misk', 18, '2016-11-10', 16, 2),
(155, 'Consuelo Laba', 6, '2019-03-04', 31, 1),
(156, 'Lowell Wakelam', 26, '2017-08-10', 12, 1),
(157, 'Fernanda Lineham', 28, '2017-08-25', 22, 1),
(158, 'Thedric Alcott', 11, '2018-06-16', 31, 1),
(159, 'Frances Gales', 24, '2016-02-13', 18, 2),
(160, 'Rick McKerton', 23, '2019-11-11', 18, 1),
(161, 'Lil Marguerite', 8, '2017-03-28', 40, 2),
(162, 'Caressa Barriball', 30, '2016-05-15', 15, 1),
(163, 'Elias Stroud', 9, '2019-12-04', 15, 1),
(164, 'Rik Keddey', 11, '2017-11-23', 20, 1),
(165, 'Mireille Whitehead', 9, '2019-04-12', 45, 2),
(166, 'Kali Rubin', 30, '2016-05-08', 37, 2),
(167, 'Debbi Weagener', 28, '2016-03-11', 22, 2),
(168, 'Bettye Brimicombe', 5, '2016-02-07', 36, 2),
(169, 'Dulcine Fidler', 24, '2016-01-25', 36, 2),
(170, 'Brose Dottrell', 22, '2017-10-18', 22, 1),
(171, 'Taryn Gathwaite', 25, '2019-10-02', 2, 1),
(172, 'Crysta McInnerny', 26, '2017-08-19', 6, 1),
(173, 'Salaidh Yakunikov', 13, '2016-01-28', 21, 1),
(174, 'Jessi Maving', 26, '2018-08-20', 50, 2),
(175, 'Vladimir Cathersides', 2, '2019-09-21', 15, 2),
(176, 'Broddie Snoday', 18, '2018-10-28', 9, 2),
(177, 'Hermine McMillan', 3, '2018-10-11', 13, 2),
(178, 'Kelly Hockell', 22, '2019-01-31', 24, 2),
(179, 'Malia Howkins', 11, '2018-02-18', 38, 1),
(180, 'Hilliary Stennett', 24, '2016-03-09', 46, 1),
(181, 'Ermentrude Hagston', 17, '2016-11-10', 39, 1),
(182, 'Morganica Sissland', 30, '2017-04-29', 21, 2),
(183, 'Jeanine Jiracek', 29, '2019-03-02', 12, 2),
(184, 'Ron Selman', 30, '2019-09-25', 3, 2),
(185, 'Olia Ramberg', 9, '2019-08-05', 4, 2),
(186, 'Ondrea Finnes', 18, '2017-09-12', 11, 1),
(187, 'Ayn McAleese', 8, '2018-10-05', 20, 1),
(188, 'Jaime Wedgbrow', 14, '2017-02-11', 33, 1),
(189, 'Delphine Corkitt', 20, '2019-11-06', 31, 1),
(190, 'Jorie Schmuhl', 17, '2017-07-23', 20, 2),
(191, 'Susette Iddons', 2, '2016-05-06', 28, 2),
(192, 'Raeann Brunini', 6, '2017-01-03', 28, 2),
(193, 'Brittne Raeburn', 1, '2019-04-28', 6, 1),
(194, 'Codee Milmoe', 2, '2018-04-26', 37, 2),
(195, 'Legra Wartonby', 12, '2018-08-17', 35, 2),
(196, 'Neal Hulbert', 5, '2017-06-25', 8, 2),
(197, 'Suzann O\'Fallon', 9, '2016-01-14', 8, 2),
(198, 'Audi Rohmer', 14, '2019-04-04', 3, 2),
(199, 'Aaren Skippon', 21, '2018-01-20', 40, 1),
(200, 'Chrissy Chartre', 4, '2019-09-06', 3, 2),
(201, 'Archer Nelthorpe', 13, '2019-11-06', 18, 1),
(202, 'Heida Gillham', 17, '2016-11-20', 23, 1),
(203, 'Gena Blaisdell', 23, '2016-09-13', 27, 2),
(204, 'Lowe Gunningham', 21, '2019-02-15', 39, 2),
(205, 'Rodge Braisby', 10, '2016-07-30', 42, 2),
(206, 'Lucie Goundrill', 1, '2018-03-11', 9, 1),
(207, 'Annabella Quenby', 6, '2019-02-27', 46, 1),
(208, 'Griffin Von Oertzen', 14, '2019-12-27', 41, 2),
(209, 'Corliss Tunesi', 10, '2017-07-16', 46, 2),
(210, 'Oswell Bartolic', 21, '2019-07-23', 21, 1),
(211, 'Lyssa Petras', 27, '2016-05-06', 23, 2),
(212, 'Millisent Bowdery', 19, '2018-07-14', 42, 1),
(213, 'Gussy Casaccia', 19, '2018-04-19', 12, 2),
(214, 'Eveline Sandiland', 17, '2018-07-04', 44, 1),
(215, 'Nealy Pudan', 15, '2017-04-22', 20, 1),
(216, 'Terri Riatt', 30, '2019-10-22', 26, 2),
(217, 'Corney Clarey', 3, '2019-02-01', 31, 1),
(218, 'Cahra Fallon', 2, '2018-04-16', 21, 1),
(219, 'Leonie Trowbridge', 22, '2017-02-09', 49, 2),
(220, 'Stinky Carlesi', 8, '2017-05-25', 40, 1),
(221, 'Enrica Lindback', 6, '2018-03-01', 9, 2),
(222, 'Melantha MacAlroy', 15, '2018-03-23', 35, 2),
(223, 'Kacie Hankins', 9, '2016-11-06', 10, 2),
(224, 'Giffard Bendson', 26, '2019-09-09', 6, 1),
(225, 'Farlee Jacobsen', 23, '2019-12-10', 43, 1),
(226, 'Shaughn Scarlan', 18, '2018-11-26', 5, 2),
(227, 'Saxon Booy', 15, '2019-05-29', 5, 1),
(228, 'Friedrich Dahmel', 4, '2016-05-05', 2, 2),
(229, 'Malina Crew', 4, '2019-08-31', 50, 1),
(230, 'Liva Vedenichev', 16, '2018-04-07', 27, 1),
(231, 'Kiele Maffetti', 18, '2017-11-18', 17, 1),
(232, 'Reuven Brolechan', 19, '2017-04-15', 48, 2),
(233, 'Elliot Croley', 14, '2016-10-08', 10, 2),
(234, 'Christophe Ordelt', 26, '2018-01-30', 28, 1),
(235, 'Nikkie Boxhall', 11, '2017-04-19', 33, 1),
(236, 'Patrice Frise', 7, '2017-01-10', 15, 2),
(237, 'Sanders Gerson', 27, '2017-03-21', 7, 2),
(238, 'Antoine Alvarado', 28, '2018-08-20', 1, 2),
(239, 'Wainwright Folliss', 10, '2018-07-27', 37, 2),
(240, 'Moss Orlton', 18, '2017-06-12', 17, 1),
(241, 'Bent Seaborn', 3, '2018-12-28', 20, 2),
(242, 'Mariska Markwelley', 21, '2019-11-29', 43, 2),
(243, 'Hephzibah Orwin', 1, '2018-02-05', 26, 2),
(244, 'Caren Gisbye', 30, '2017-06-19', 33, 1),
(245, 'Cristian Daveley', 25, '2017-07-01', 2, 1),
(246, 'Bone Westfield', 2, '2016-01-08', 18, 1),
(247, 'Iago Ubanks', 15, '2019-02-17', 20, 1),
(248, 'Loren Hallitt', 1, '2017-01-15', 44, 1),
(249, 'Nap Bradlaugh', 4, '2016-08-30', 17, 2),
(250, 'Patsy Carrack', 27, '2018-06-13', 42, 1),
(251, 'Cordell Olivia', 30, '2016-08-16', 7, 1),
(252, 'Raimondo Lackeye', 8, '2017-01-15', 30, 1),
(253, 'Piotr Giacoppoli', 4, '2016-01-12', 8, 1),
(254, 'Joyous How', 9, '2019-08-24', 34, 2),
(255, 'Nataline Crinage', 16, '2018-03-19', 31, 2),
(256, 'Lorri Josefson', 20, '2017-05-25', 21, 2),
(257, 'Phyllys Eite', 20, '2016-06-03', 26, 2),
(258, 'Mead Pilkinton', 22, '2019-03-31', 12, 1),
(259, 'Krisha Andrusyak', 3, '2016-10-25', 11, 1),
(260, 'Trudie McCorrie', 17, '2019-03-13', 6, 1),
(261, 'Gaelan Kirvin', 19, '2016-02-17', 32, 1),
(262, 'Bearnard De Rye Barrett', 19, '2019-01-25', 14, 1),
(263, 'Louis Skoate', 13, '2019-09-02', 41, 2),
(264, 'Clarey Eallis', 8, '2017-10-01', 12, 2),
(265, 'Brandise Bronot', 2, '2017-07-23', 48, 2),
(266, 'Desmund Fazackerley', 21, '2019-03-22', 23, 1),
(267, 'Buffy Sarle', 21, '2016-03-16', 13, 1),
(268, 'Ilyssa Ewles', 20, '2017-09-18', 30, 2),
(269, 'Giralda Couve', 30, '2019-12-07', 5, 1),
(270, 'Carny Kuhnwald', 30, '2019-06-05', 29, 1),
(271, 'Coleen Hugenin', 21, '2017-05-29', 16, 2),
(272, 'Jodi Collyns', 12, '2019-10-26', 27, 1),
(273, 'Demetra Gierck', 1, '2017-10-12', 27, 2),
(274, 'Xerxes Bentke', 24, '2017-03-05', 30, 1),
(275, 'Robin Danilovitch', 11, '2016-09-07', 28, 1),
(276, 'Elvina Guiton', 16, '2016-06-26', 36, 1),
(277, 'Orin Liffey', 13, '2017-04-28', 33, 1),
(278, 'Waverley McEachern', 25, '2018-11-11', 45, 2),
(279, 'Viviene Cornels', 16, '2019-06-12', 16, 1),
(280, 'Perry Fleeman', 27, '2019-08-21', 14, 2),
(281, 'Jay Van der Spohr', 26, '2018-03-24', 44, 2),
(282, 'Kynthia Eliez', 22, '2016-04-16', 20, 2),
(283, 'Yelena Fennessy', 25, '2018-10-17', 26, 1),
(284, 'Noni McCorry', 11, '2019-09-07', 6, 1),
(285, 'Hunfredo Hacun', 29, '2016-07-06', 4, 2),
(286, 'Hieronymus Crellim', 27, '2018-05-21', 20, 1),
(287, 'Julian Delap', 24, '2016-01-23', 38, 2),
(288, 'Thorn Plant', 7, '2019-11-04', 46, 1),
(289, 'Nadine Pezey', 12, '2019-05-18', 44, 1),
(290, 'Diane Duberry', 4, '2017-06-14', 45, 1),
(291, 'Jessi Laverty', 3, '2016-02-10', 48, 1),
(292, 'Mil Dahle', 4, '2017-06-28', 1, 1),
(293, 'Adelaida Garrard', 21, '2017-03-26', 26, 1),
(294, 'Janna Yeoland', 29, '2017-01-29', 43, 1),
(295, 'Dora Petheridge', 26, '2016-11-29', 15, 1),
(296, 'Dehlia Pesak', 25, '2018-08-21', 48, 2),
(297, 'Quinton Bezemer', 8, '2016-11-12', 14, 1),
(298, 'Claudian Owers', 11, '2016-12-03', 7, 2),
(299, 'Ade Frenzl', 8, '2019-03-19', 30, 2),
(300, 'Alyda Hubbuck', 14, '2016-08-03', 24, 2),
(301, 'Kin Zannuto', 29, '2017-05-13', 31, 2),
(302, 'Fredek Borlease', 4, '2019-09-12', 34, 1),
(303, 'Penelope Jackling', 15, '2016-09-27', 41, 2),
(304, 'Georgeanna Triplet', 18, '2018-06-15', 39, 2),
(305, 'Caralie Giffon', 29, '2018-08-24', 4, 1),
(306, 'Riobard Gheorghescu', 27, '2017-01-05', 36, 1),
(307, 'Kaitlynn Mussen', 27, '2016-12-24', 16, 1),
(308, 'Ethan Maloney', 21, '2019-10-25', 12, 2),
(309, 'Elyn Derisley', 18, '2018-02-25', 17, 1),
(310, 'Padget MacKimmie', 8, '2018-10-02', 9, 2),
(311, 'Alexandro MacCome', 30, '2018-01-17', 13, 1),
(312, 'Merrie Kelso', 4, '2019-07-25', 3, 2),
(313, 'Stanwood Coxwell', 16, '2018-07-21', 43, 2),
(314, 'Randal Heimann', 20, '2019-02-18', 5, 1),
(315, 'Trueman Iacavone', 3, '2017-11-03', 15, 2),
(316, 'Jillana Windrum', 11, '2017-11-25', 13, 1),
(317, 'Farly Pacher', 2, '2016-07-06', 23, 1),
(318, 'Wayland Strowan', 28, '2016-05-20', 5, 2),
(319, 'Davidson Fincke', 29, '2017-01-30', 42, 1),
(320, 'Trixi Kilmartin', 28, '2017-11-04', 43, 2),
(321, 'Alyse Mougin', 20, '2017-05-02', 32, 2),
(322, 'Aubrette Splevins', 19, '2017-08-25', 36, 2),
(323, 'Vic Halston', 5, '2018-01-01', 10, 2),
(324, 'Lea Culshew', 1, '2016-05-14', 50, 1),
(325, 'Charleen McNellis', 20, '2016-04-23', 45, 2),
(326, 'Ingunna Eastlake', 16, '2018-08-31', 41, 1),
(327, 'Perren Poure', 1, '2018-01-14', 19, 1),
(328, 'Simone Lazarus', 16, '2017-03-30', 16, 1),
(329, 'Miguel Borgesio', 9, '2017-08-05', 33, 2),
(330, 'Sinclair Kensall', 6, '2019-08-17', 12, 2),
(331, 'Michaelina Fernier', 20, '2017-04-17', 8, 2),
(332, 'Silvain McCrackem', 17, '2019-08-09', 35, 2),
(333, 'Bobina Padgett', 20, '2019-10-14', 49, 2),
(334, 'Brigitta Hymor', 11, '2019-11-30', 4, 1),
(335, 'Boigie Croston', 17, '2018-08-03', 2, 1),
(336, 'Kerry Devo', 22, '2017-06-22', 46, 1),
(337, 'Wendy Grouer', 9, '2016-12-30', 38, 2),
(338, 'Seline Karlik', 21, '2018-10-16', 44, 1),
(339, 'Minta Jantzen', 1, '2016-11-20', 48, 2),
(340, 'Chrisse Bigg', 30, '2019-02-22', 37, 1),
(341, 'Ilyssa Edgeley', 13, '2017-06-29', 11, 2),
(342, 'Ketti Blaber', 5, '2018-08-06', 10, 2),
(343, 'Lina Walkingshaw', 28, '2017-10-01', 20, 2),
(344, 'Jeramey Colten', 26, '2016-01-27', 27, 1),
(345, 'Michele Trenoweth', 13, '2018-04-14', 46, 2),
(346, 'Arel Jannaway', 21, '2016-04-09', 17, 2),
(347, 'Galvan Hollier', 10, '2018-04-09', 40, 1),
(348, 'Isac Southern', 3, '2018-12-04', 40, 1),
(349, 'Daune Stripling', 18, '2016-01-22', 3, 2),
(350, 'Arin Pryn', 28, '2016-05-14', 10, 1),
(351, 'Konstanze Brent', 3, '2018-12-24', 27, 1),
(352, 'Rodolphe Audibert', 2, '2016-01-03', 15, 1),
(353, 'Inga Gavrielly', 9, '2017-08-29', 46, 1),
(354, 'Madelina Blaney', 1, '2017-08-19', 41, 1),
(355, 'Elias Goodlet', 10, '2016-08-10', 10, 1),
(356, 'Alika Gretton', 14, '2018-01-23', 33, 2),
(357, 'Roselia O\'Driscoll', 17, '2017-12-21', 26, 1),
(358, 'Betteanne Colson', 12, '2019-05-25', 5, 1),
(359, 'Barnabe Dumbell', 4, '2017-04-25', 31, 1),
(360, 'Evangelia Mingus', 22, '2016-03-25', 13, 1),
(361, 'Maximilianus Coker', 3, '2017-10-24', 38, 1),
(362, 'Putnem Tanzig', 15, '2018-06-14', 27, 1),
(363, 'Red Penreth', 18, '2018-11-09', 2, 1),
(364, 'Hurlee Mauser', 29, '2016-02-12', 39, 1),
(365, 'Ingamar MacGorrie', 5, '2017-05-16', 17, 2),
(366, 'Arabelle Rasell', 8, '2017-06-05', 17, 1),
(367, 'Austina Hews', 21, '2018-05-29', 38, 1),
(368, 'Dena Bouskill', 6, '2016-09-02', 10, 2),
(369, 'Thorvald Gorse', 26, '2016-12-30', 7, 1),
(370, 'Eydie Ruddle', 26, '2018-03-07', 17, 2),
(371, 'Benita Dumphy', 19, '2016-02-07', 10, 1),
(372, 'Dorthy Mawne', 21, '2018-06-08', 16, 2),
(373, 'Catarina Normavill', 13, '2019-05-17', 22, 2),
(374, 'Ellissa Frigot', 24, '2019-07-18', 4, 2),
(375, 'Hollyanne Ellsworthe', 22, '2016-04-23', 44, 1),
(376, 'Trent Girardoni', 3, '2018-07-25', 1, 2),
(377, 'Walton Dumingo', 16, '2019-03-02', 47, 1),
(378, 'Amanda Streatfield', 15, '2019-03-08', 6, 2),
(379, 'Ardeen Stoll', 16, '2018-03-29', 40, 1),
(380, 'Bette Tripony', 6, '2016-09-16', 20, 2),
(381, 'Armand O\'Scanlon', 29, '2018-11-11', 31, 1),
(382, 'Gillan Janeczek', 17, '2018-02-25', 50, 2),
(383, 'Ralph Warrener', 19, '2017-07-11', 5, 2),
(384, 'Shaine Fuzzens', 30, '2016-01-01', 36, 1),
(385, 'Archibaldo Stoddard', 21, '2019-07-19', 24, 1),
(386, 'Tedmund Kalkofer', 28, '2016-02-13', 31, 1),
(387, 'Ber Mackness', 17, '2019-09-07', 38, 2),
(388, 'Marleah Abramcik', 16, '2019-06-18', 22, 2),
(389, 'Katrinka Kaming', 26, '2019-04-16', 9, 2),
(390, 'Daryle Melody', 12, '2019-12-23', 26, 1),
(391, 'Wilmer Bidewel', 19, '2019-01-12', 37, 2),
(392, 'Amandi Kowalski', 4, '2017-12-21', 40, 1),
(393, 'Abdel Dwine', 23, '2019-10-31', 13, 1),
(394, 'Vilhelmina Geram', 14, '2019-04-30', 30, 1),
(395, 'Ulberto Peller', 13, '2019-08-14', 10, 1),
(396, 'Rouvin Dummigan', 11, '2017-10-02', 48, 2),
(397, 'El Pentlow', 3, '2019-02-25', 28, 1),
(398, 'Lewie Noot', 7, '2017-03-07', 44, 2),
(399, 'Aluino Tranfield', 1, '2017-09-21', 47, 2),
(400, 'Mavis Morling', 15, '2018-07-29', 1, 2),
(401, 'Alexine Schall', 7, '2019-05-16', 8, 1),
(402, 'Arluene Desson', 12, '2016-07-02', 20, 2),
(403, 'Ruddie La Croce', 21, '2017-03-08', 46, 2),
(404, 'Desi Bengle', 8, '2017-04-11', 34, 1),
(405, 'Clarabelle Keher', 15, '2018-07-08', 28, 1),
(406, 'Robers Cabedo', 27, '2018-02-07', 22, 2),
(407, 'Winston Stoner', 8, '2019-02-10', 41, 2),
(408, 'Erl Charke', 19, '2017-10-16', 42, 1),
(409, 'Nolana Dyster', 9, '2018-07-28', 32, 1),
(410, 'Cherin Durnall', 22, '2016-04-04', 26, 1),
(411, 'Kerby Cheeney', 15, '2018-02-15', 32, 1),
(412, 'Mei Southward', 22, '2016-12-15', 1, 2),
(413, 'Roobbie Guidelli', 10, '2016-03-19', 7, 1),
(414, 'Shelba Oliveras', 24, '2018-06-21', 39, 1),
(415, 'Penny Lerway', 29, '2018-02-09', 30, 2),
(416, 'Vassili Boswood', 20, '2018-03-17', 35, 1),
(417, 'Verge Neath', 28, '2018-06-03', 19, 1),
(418, 'Helene Andell', 9, '2018-10-01', 21, 2),
(419, 'Ingrim Behnke', 2, '2019-08-24', 15, 1),
(420, 'Fair Allcoat', 11, '2017-09-01', 33, 2),
(421, 'Kimberli Woodberry', 10, '2019-06-30', 6, 2),
(422, 'Tamra Blower', 29, '2017-06-03', 32, 1),
(423, 'Caren Rings', 25, '2019-11-13', 46, 1),
(424, 'Adel Sharpin', 19, '2017-02-10', 6, 2),
(425, 'Nert Angric', 17, '2017-02-10', 32, 1),
(426, 'Jody Plinck', 14, '2019-07-03', 41, 1),
(427, 'Theobald Emanuelli', 7, '2018-06-26', 17, 1),
(428, 'Geordie Figgins', 28, '2018-04-07', 39, 1),
(429, 'Loralyn Mobberley', 21, '2017-03-05', 38, 2),
(430, 'Grantley Vasyunin', 2, '2018-02-12', 21, 1),
(431, 'Joye Laden', 26, '2017-03-10', 37, 2),
(432, 'Fitzgerald Rosoni', 14, '2019-05-29', 38, 2),
(433, 'Maximilianus Plunkett', 6, '2016-07-31', 49, 2),
(434, 'Doria Rean', 21, '2018-12-23', 33, 1),
(435, 'Herminia Hubane', 14, '2016-01-10', 4, 1),
(436, 'Adelice Cousans', 20, '2018-06-11', 30, 1),
(437, 'Curr Abercromby', 5, '2017-08-26', 50, 2),
(438, 'Daria Rontree', 23, '2017-10-18', 32, 1),
(439, 'Henrieta Spurman', 10, '2019-07-02', 8, 2),
(440, 'Leoine Seabrook', 10, '2018-10-05', 8, 1),
(441, 'Wang Shurrocks', 22, '2018-06-20', 7, 1),
(442, 'Waldemar Gawthrope', 30, '2017-05-27', 30, 1),
(443, 'Cassy Gerard', 7, '2018-04-27', 9, 1),
(444, 'Blithe Floch', 30, '2017-05-01', 14, 2),
(445, 'Tracey Becconsall', 21, '2019-03-01', 9, 2),
(446, 'Mariana Artus', 21, '2019-07-03', 49, 1),
(447, 'Karee Cornu', 21, '2018-08-19', 38, 1),
(448, 'Thornton Pomphrett', 23, '2019-03-17', 46, 2),
(449, 'Cam Lemasney', 5, '2016-04-20', 6, 1),
(450, 'Parnell Lowthian', 29, '2017-09-03', 46, 1),
(451, 'Cass Cuerdale', 29, '2018-09-30', 21, 2),
(452, 'Lesly Dyott', 30, '2017-06-02', 19, 2),
(453, 'Amii Mulvagh', 6, '2017-02-28', 6, 2),
(454, 'Renado Hebbs', 19, '2019-09-25', 40, 1),
(455, 'Ranice Remmers', 13, '2017-08-21', 33, 2),
(456, 'Archaimbaud Wozencroft', 18, '2019-11-16', 16, 1),
(457, 'Torrie Bartkowiak', 5, '2019-01-22', 14, 1),
(458, 'Haven Keegan', 20, '2019-11-06', 45, 1),
(459, 'Bari Farish', 17, '2016-02-12', 32, 2),
(460, 'Enrika Thames', 3, '2017-04-11', 26, 1),
(461, 'Butch Dodgshun', 24, '2019-06-19', 18, 2),
(462, 'Nikos Chipperfield', 1, '2019-08-23', 22, 2),
(463, 'Reade O\' Dornan', 22, '2019-05-10', 8, 2),
(464, 'Diann Roocroft', 13, '2017-12-03', 22, 1),
(465, 'Kalle Tweedlie', 29, '2018-06-18', 4, 2),
(466, 'Kellie Simonaitis', 2, '2019-11-20', 21, 1),
(467, 'Caroljean Bignal', 25, '2018-05-09', 21, 1),
(468, 'Mollie Brackenridge', 10, '2018-02-26', 29, 1),
(469, 'Cyril Benettolo', 30, '2016-11-23', 16, 2),
(470, 'Hilly O\'Drought', 2, '2016-08-31', 18, 1),
(471, 'Julienne Ostridge', 15, '2019-02-11', 1, 2),
(472, 'Lamont Querree', 10, '2018-09-05', 50, 1),
(473, 'Stern Sarten', 29, '2019-10-09', 42, 1),
(474, 'Glendon Parriss', 21, '2016-10-18', 29, 1),
(475, 'Hazel Krebs', 26, '2017-02-27', 24, 1),
(476, 'Tildi MacIan', 7, '2017-02-07', 2, 1),
(477, 'Cassy Chamley', 28, '2017-09-23', 31, 2),
(478, 'Ursala Fanner', 11, '2016-04-08', 31, 2),
(479, 'Harriot Edinburough', 23, '2016-01-25', 24, 1),
(480, 'Verla Barrott', 2, '2019-07-03', 22, 1),
(481, 'Rosaline Ringer', 6, '2018-01-29', 20, 1),
(482, 'Livy Wilshere', 30, '2018-11-04', 26, 1),
(483, 'Anselm Cockett', 24, '2016-06-11', 21, 2),
(484, 'Talbot Grange', 12, '2018-09-29', 16, 1),
(485, 'Kassia Leipold', 24, '2019-08-16', 49, 1),
(486, 'Emile Diboll', 3, '2019-03-19', 37, 1),
(487, 'Veriee Bruckenthal', 1, '2019-08-11', 47, 2),
(488, 'Conney Gandy', 2, '2019-06-01', 39, 2),
(489, 'Nanine Klejin', 30, '2017-02-13', 12, 2),
(490, 'Elyse Ancell', 2, '2019-06-12', 37, 1),
(491, 'Laverna Jurisic', 22, '2016-12-03', 14, 1),
(492, 'Hartley Goldsbrough', 6, '2019-02-25', 39, 1),
(493, 'Roobbie MacCrackan', 24, '2017-02-04', 5, 1),
(494, 'Gran Farish', 28, '2018-07-26', 32, 2),
(495, 'April Halwood', 6, '2016-06-29', 7, 1),
(496, 'Constantine Crocetti', 1, '2018-01-03', 41, 2),
(497, 'Daisy Hillum', 2, '2016-05-24', 32, 2),
(498, 'Roanne Stedall', 5, '2017-08-01', 41, 2),
(499, 'Felix St. Queintain', 5, '2019-02-13', 35, 1),
(500, 'Chick Silwood', 6, '2017-06-05', 6, 2),
(501, 'Licha Chipp', 28, '2018-07-06', 10, 1),
(502, 'Collie Josiah', 13, '2019-12-04', 20, 1),
(503, 'Rustin Duhig', 19, '2017-03-24', 26, 2),
(504, 'Sebastiano Kilmaster', 1, '2017-05-10', 1, 1),
(505, 'Tate Schonfelder', 20, '2018-05-10', 33, 1),
(506, 'Pierre Brunton', 28, '2019-07-19', 43, 1),
(507, 'Lizzie Heaney', 21, '2016-05-07', 45, 2),
(508, 'Annalee Conachy', 18, '2018-12-12', 27, 1),
(509, 'Flore Heeney', 28, '2017-11-09', 39, 2),
(510, 'Randi Pierri', 24, '2018-07-28', 2, 1),
(511, 'Becca Giacometti', 24, '2019-10-27', 3, 2),
(512, 'Cullan Jervoise', 27, '2017-11-07', 50, 1),
(513, 'Lydon Kynan', 23, '2016-08-22', 42, 2),
(514, 'Barrie Romi', 17, '2019-06-25', 23, 1),
(515, 'Chickie Ceely', 13, '2019-11-09', 13, 2),
(516, 'Shara McKenny', 27, '2016-10-06', 44, 2),
(517, 'Doralin Caghy', 23, '2019-03-03', 46, 2),
(518, 'Bella Gollop', 2, '2019-08-22', 1, 1),
(519, 'Hilario Doberer', 3, '2019-02-13', 2, 2),
(520, 'Mercie Ritzman', 20, '2019-08-10', 42, 1),
(521, 'Chrissie Holde', 1, '2016-08-19', 30, 2),
(522, 'Chickie Amyes', 14, '2016-09-28', 13, 2),
(523, 'Agna Garthland', 24, '2017-03-05', 34, 1),
(524, 'Gregoire Halwill', 2, '2016-01-22', 42, 2),
(525, 'Renard Juanico', 19, '2019-02-10', 43, 1),
(526, 'Florette Crippell', 28, '2019-03-17', 45, 1),
(527, 'Tanner Clash', 4, '2018-03-04', 20, 1),
(528, 'Akim Hillum', 26, '2018-12-18', 48, 2),
(529, 'Lorin Tordiffe', 24, '2017-04-25', 33, 2),
(530, 'Erena Tarzey', 13, '2018-02-08', 18, 2),
(531, 'Nolana Rzehor', 12, '2017-06-28', 41, 1),
(532, 'Marie-jeanne Maher', 30, '2017-10-02', 16, 1),
(533, 'Massimiliano Uccelli', 15, '2017-02-20', 19, 1),
(534, 'Delores Illem', 13, '2016-11-21', 3, 2),
(535, 'Blakelee Heindle', 19, '2018-04-11', 24, 1),
(536, 'Lucky Frost', 4, '2016-09-03', 12, 1),
(537, 'Itch Scranedge', 1, '2017-01-25', 7, 2),
(538, 'Lacey Clavering', 3, '2016-11-10', 49, 1),
(539, 'Roxine Lozano', 25, '2017-08-24', 37, 1),
(540, 'Alexandr Balch', 27, '2019-05-02', 45, 1),
(541, 'Nehemiah Whittock', 9, '2018-02-14', 37, 1),
(542, 'Martha Marsham', 27, '2019-10-30', 33, 2),
(543, 'Baudoin Pershouse', 29, '2016-04-20', 33, 2),
(544, 'Johnna Hultberg', 18, '2018-12-25', 43, 1),
(545, 'Brook McClarence', 23, '2017-12-12', 38, 2),
(546, 'Rosalie Guarin', 17, '2016-08-27', 50, 1),
(547, 'Amie Cano', 14, '2019-10-12', 19, 1),
(548, 'Ludwig Bullough', 30, '2017-05-11', 42, 2),
(549, 'Zacharia Moncarr', 21, '2016-12-07', 17, 1),
(550, 'Pamelina Whiting', 13, '2019-12-26', 12, 2),
(551, 'Antonietta Bichener', 14, '2016-04-25', 42, 2),
(552, 'Lincoln Wooldridge', 29, '2019-01-25', 32, 1),
(553, 'Audry Cuss', 29, '2017-02-06', 23, 1),
(554, 'Kimbell Silk', 15, '2018-12-08', 10, 1),
(555, 'Ryun Rau', 22, '2019-08-07', 6, 1),
(556, 'Ola Helleckas', 17, '2018-07-19', 11, 2),
(557, 'Elyn Baldacchino', 20, '2017-05-07', 40, 1),
(558, 'Gussi Matzaitis', 16, '2016-08-28', 42, 1),
(559, 'Keeley Breed', 17, '2019-07-16', 35, 1),
(560, 'Inger Redborn', 5, '2018-01-01', 50, 1),
(561, 'Ainslee Grahame', 27, '2017-05-22', 2, 1),
(562, 'Kiley Verlinden', 30, '2016-06-05', 37, 1),
(563, 'Sherill Brammar', 27, '2018-11-20', 35, 2),
(564, 'Kyle Furst', 26, '2019-09-04', 21, 1),
(565, 'Iorgos Ambridge', 3, '2018-03-06', 36, 2),
(566, 'Stearne Adshede', 25, '2019-10-07', 32, 1),
(567, 'Tobie Downs', 1, '2016-10-26', 15, 1),
(568, 'Lorene Salsberg', 22, '2017-04-12', 16, 2),
(569, 'Ripley Gaskill', 11, '2018-06-14', 27, 2),
(570, 'Emalee Dufaire', 20, '2019-07-05', 36, 1),
(571, 'Yurik Ballendine', 18, '2019-06-02', 36, 1),
(572, 'Saudra Blatherwick', 20, '2017-06-30', 3, 1),
(573, 'Roda Sellers', 17, '2019-06-22', 28, 1),
(574, 'Andrew Flamank', 24, '2018-03-23', 3, 2),
(575, 'Basia Kanzler', 15, '2019-05-30', 50, 1),
(576, 'Sam Berggren', 9, '2016-07-28', 28, 2),
(577, 'Rogers Olfert', 16, '2017-12-11', 34, 1),
(578, 'Ingaborg Krop', 7, '2018-10-02', 49, 2),
(579, 'Ralina Bowhey', 26, '2016-10-10', 14, 1),
(580, 'Flori Twelftree', 13, '2017-02-11', 17, 2),
(581, 'Anatol Shelf', 29, '2017-05-10', 11, 2),
(582, 'Iris Campione', 16, '2017-02-10', 29, 1),
(583, 'Vonni Broughton', 11, '2019-02-18', 49, 1),
(584, 'Margalo Clotworthy', 5, '2019-10-22', 43, 1),
(585, 'Dyna Birtwistle', 16, '2016-03-27', 33, 2),
(586, 'Averill Biglin', 11, '2017-05-09', 22, 2),
(587, 'Lianna Vlach', 23, '2018-10-22', 49, 2),
(588, 'Tallia Chaters', 25, '2019-02-03', 43, 1),
(589, 'Arden Baytrop', 14, '2019-02-19', 2, 2),
(590, 'Aubrey Blampied', 22, '2017-06-12', 43, 2),
(591, 'Eleanora Rival', 15, '2017-09-13', 33, 2),
(592, 'Florance Growcock', 15, '2017-07-10', 35, 1),
(593, 'Stephani Ruddin', 5, '2016-10-21', 17, 1),
(594, 'Enrika Plesing', 5, '2017-11-27', 9, 1),
(595, 'Garey Claffey', 18, '2019-09-03', 33, 2),
(596, 'Carmelita Jossum', 20, '2017-05-29', 48, 1),
(597, 'Timotheus Ingold', 19, '2016-04-21', 9, 2),
(598, 'Sadella Joncic', 16, '2017-10-15', 13, 2),
(599, 'Leonard Hodinton', 22, '2018-03-02', 48, 1),
(600, 'Ilise Ramage', 30, '2017-11-14', 6, 2),
(601, 'Elton Trounce', 8, '2017-08-05', 38, 2),
(602, 'Cherlyn Hupka', 29, '2017-03-19', 47, 1),
(603, 'Shannon Schultheiss', 20, '2017-06-22', 41, 1),
(604, 'Katrinka Piercy', 26, '2017-11-18', 38, 2),
(605, 'Adele Hovee', 6, '2016-11-04', 27, 1),
(606, 'Roch Allonby', 26, '2016-06-13', 16, 1),
(607, 'Zacherie Dayton', 7, '2016-12-10', 35, 1),
(608, 'Valery McPhelim', 30, '2016-07-20', 9, 2),
(609, 'Bendix Gorusso', 22, '2017-06-02', 46, 1),
(610, 'Granthem Sparkwill', 25, '2018-07-24', 23, 2),
(611, 'Datha Greetland', 9, '2016-05-09', 19, 1),
(612, 'Ilsa Kerbey', 13, '2016-10-21', 7, 2),
(613, 'Lodovico Hindmoor', 28, '2019-01-18', 50, 1),
(614, 'Kacey Romera', 21, '2016-04-11', 40, 1),
(615, 'Blithe Palluschek', 28, '2018-11-09', 50, 2),
(616, 'Dallis Zanni', 3, '2019-02-26', 2, 2),
(617, 'Hildegaard Chad', 14, '2016-09-26', 31, 2),
(618, 'Noak Goffe', 7, '2019-01-06', 7, 1),
(619, 'Reinaldo Atley', 7, '2017-07-09', 22, 1),
(620, 'Cinda Bawden', 5, '2017-02-03', 46, 1),
(621, 'Poppy Halms', 20, '2016-04-02', 16, 1),
(622, 'Sandy Andresser', 16, '2019-08-04', 14, 1),
(623, 'Charo Ney', 28, '2019-04-16', 9, 1),
(624, 'Cecil Hallowes', 24, '2017-12-08', 1, 1),
(625, 'Dacey Brumfield', 17, '2019-05-21', 26, 2),
(626, 'Amalia Mothersdale', 27, '2016-07-20', 17, 2),
(627, 'Maure Dollard', 8, '2019-08-26', 18, 1),
(628, 'Munroe Weakley', 6, '2019-05-17', 21, 2),
(629, 'Krystalle Schroder', 5, '2017-01-20', 3, 2),
(630, 'Agace Novak', 4, '2017-11-15', 3, 1),
(631, 'Holmes Stoite', 9, '2018-04-11', 43, 2),
(632, 'Emmaline Garrattley', 23, '2016-08-26', 16, 1),
(633, 'Meghann Hearty', 21, '2019-03-07', 19, 2),
(634, 'Angelle Posvner', 11, '2018-02-16', 40, 2),
(635, 'Myrta Gladbach', 11, '2018-09-01', 13, 1),
(636, 'Darnell Cossentine', 11, '2018-10-14', 31, 2),
(637, 'Stephine Syphus', 6, '2016-12-28', 29, 1),
(638, 'Randy Delap', 20, '2017-01-07', 33, 2),
(639, 'Zollie Corstan', 12, '2018-11-07', 26, 2),
(640, 'Meryl Spencelayh', 25, '2017-09-22', 24, 1),
(641, 'Sidoney Cruddace', 12, '2018-03-07', 9, 1),
(642, 'Gay Human', 1, '2017-12-03', 7, 1),
(643, 'Raviv Sussex', 6, '2017-03-26', 19, 2),
(644, 'Skipton Finlry', 2, '2018-01-31', 32, 2),
(645, 'Pryce Oswick', 27, '2017-06-08', 41, 2),
(646, 'Corbett Heathcott', 2, '2019-11-27', 27, 2),
(647, 'Will Beard', 27, '2018-12-05', 29, 1),
(648, 'Gloriane Trittam', 1, '2016-07-21', 21, 1),
(649, 'Una Epton', 16, '2017-06-14', 32, 1),
(650, 'Brendon Bispham', 16, '2018-01-13', 40, 2),
(651, 'Martie Lilley', 12, '2017-02-11', 30, 1),
(652, 'Erica MacColl', 25, '2019-07-20', 21, 1),
(653, 'Renae Tethacot', 17, '2018-11-21', 30, 1),
(654, 'Jonis Geaney', 5, '2017-08-02', 34, 1),
(655, 'Saxe Jessope', 5, '2019-08-11', 50, 2),
(656, 'Washington Giorgi', 7, '2019-12-26', 50, 1),
(657, 'Hedvig Linford', 25, '2019-03-15', 43, 2),
(658, 'Hewe Howse', 6, '2019-09-27', 43, 2),
(659, 'Shoshanna Studeart', 28, '2017-09-06', 16, 1),
(660, 'Gideon Grief', 20, '2019-09-30', 4, 1),
(661, 'Antonella Writtle', 22, '2019-06-14', 13, 1),
(662, 'Shana Daws', 22, '2017-02-14', 2, 2),
(663, 'Nobie Crumbleholme', 2, '2017-11-12', 38, 1),
(664, 'Krishnah Robus', 27, '2017-11-12', 18, 1),
(665, 'Aksel Greenfield', 12, '2018-12-10', 34, 2),
(666, 'Hayes Verdy', 11, '2019-08-06', 40, 2),
(667, 'Dawna Reddick', 2, '2019-05-05', 7, 1),
(668, 'Rustin Treske', 4, '2018-04-18', 23, 2),
(669, 'Brockie Aitcheson', 21, '2017-10-17', 28, 1),
(670, 'Kamila Ierland', 10, '2019-02-24', 23, 2),
(671, 'Dante Mattson', 1, '2016-07-06', 9, 2),
(672, 'Gerald Armstead', 3, '2016-04-02', 1, 2),
(673, 'Wainwright Antowski', 15, '2017-10-17', 10, 2),
(674, 'Nedi Spellsworth', 21, '2019-03-26', 28, 2),
(675, 'Raven Dagg', 18, '2018-09-15', 49, 1),
(676, 'Vincenz Chaffen', 22, '2019-04-19', 12, 2),
(677, 'Ruby Eads', 16, '2018-09-10', 31, 2),
(678, 'Boonie Abrahart', 18, '2016-05-27', 2, 1),
(679, 'Petronia Chatin', 18, '2018-02-27', 44, 1),
(680, 'Heddi Adamo', 4, '2018-08-09', 41, 1),
(681, 'Oswell Wevell', 6, '2019-05-10', 15, 1),
(682, 'Suellen Giriardelli', 2, '2019-03-15', 15, 1),
(683, 'Kalindi Ganiford', 22, '2016-06-15', 6, 2),
(684, 'Dwain de Tocqueville', 1, '2018-05-09', 44, 1),
(685, 'Briant Duckworth', 10, '2018-02-24', 36, 2),
(686, 'Catherina Aronoff', 20, '2019-11-05', 2, 2),
(687, 'Doralynne Quickenden', 24, '2016-05-14', 42, 2),
(688, 'Demott Valasek', 23, '2019-12-19', 28, 2),
(689, 'Jillian Warlow', 14, '2019-10-05', 14, 1),
(690, 'Madella Capnor', 20, '2017-10-22', 46, 1),
(691, 'Abeu Whitecross', 26, '2019-02-28', 28, 1),
(692, 'Reine Ellams', 18, '2016-04-19', 6, 1),
(693, 'Ede Rustedge', 2, '2017-06-05', 32, 2),
(694, 'Fidelity Alessandrelli', 24, '2016-11-07', 16, 2),
(695, 'Sela Danilchenko', 22, '2016-07-02', 9, 1),
(696, 'Arne Banes', 8, '2017-01-23', 6, 2),
(697, 'Inger Rubens', 10, '2018-10-12', 48, 1),
(698, 'Franciskus Woodfin', 3, '2019-09-23', 17, 1),
(699, 'Ingunna Popland', 11, '2019-03-11', 29, 2),
(700, 'Paula Starcks', 25, '2017-06-01', 43, 1),
(701, 'Whitney Peddel', 22, '2019-12-04', 19, 2),
(702, 'Belle Bentinck', 5, '2017-11-20', 15, 2),
(703, 'Marlee Langland', 25, '2016-12-20', 9, 2),
(704, 'Granthem Sabathier', 24, '2018-04-20', 36, 2),
(705, 'Valentin Ber', 9, '2017-08-23', 49, 2),
(706, 'Del Stading', 28, '2018-02-09', 13, 1),
(707, 'Mikel Featherby', 7, '2016-07-11', 5, 1),
(708, 'Guinna Toretta', 13, '2017-04-22', 13, 2),
(709, 'Vera Liggett', 21, '2019-05-08', 20, 2),
(710, 'Kelsy Tolwood', 3, '2016-09-02', 18, 1),
(711, 'Spence Deeley', 25, '2019-04-30', 11, 2),
(712, 'Mattias Ranyell', 10, '2018-06-02', 20, 2),
(713, 'Johnette Pridmore', 3, '2016-07-28', 47, 2),
(714, 'Jacquette Pautard', 12, '2016-12-26', 10, 1),
(715, 'Claudetta Mc Grath', 3, '2017-01-15', 3, 2),
(716, 'Erminia Batrim', 24, '2019-01-25', 12, 2),
(717, 'Al Carreck', 8, '2018-12-11', 14, 2),
(718, 'Floris Axcel', 2, '2017-01-12', 2, 1),
(719, 'Marnie Dowrey', 18, '2016-07-23', 27, 2),
(720, 'Manon Etock', 3, '2016-06-18', 47, 1),
(721, 'Heindrick Piggin', 5, '2019-12-01', 11, 1),
(722, 'Avis Maso', 2, '2017-12-28', 5, 1),
(723, 'Tess Beere', 29, '2016-04-25', 18, 2),
(724, 'Lester Killingback', 29, '2017-05-14', 34, 2),
(725, 'Curran Gladhill', 26, '2018-12-21', 28, 1),
(726, 'Jody Fernanando', 6, '2017-07-08', 40, 1),
(727, 'Reeba O\'Cuddie', 26, '2018-08-10', 30, 2),
(728, 'El Stendell', 16, '2018-12-26', 21, 2),
(729, 'Denise Priestland', 10, '2018-01-08', 15, 2),
(730, 'Pearl Powe', 20, '2018-02-12', 12, 1),
(731, 'Wyatt Weller', 16, '2017-07-14', 11, 2),
(732, 'Cinda Beardsworth', 29, '2016-12-04', 17, 1),
(733, 'Costa Shadrach', 27, '2016-09-07', 2, 1),
(734, 'Jeni Kyteley', 8, '2017-07-08', 35, 2),
(735, 'Sari Fewings', 19, '2019-12-25', 21, 2),
(736, 'Shay Van Halle', 29, '2017-02-23', 3, 2),
(737, 'Crosby Lathwell', 21, '2019-01-06', 37, 2),
(738, 'Izaak Sterndale', 15, '2018-10-13', 2, 2),
(739, 'Cara De Miranda', 24, '2018-12-30', 43, 2),
(740, 'Olympie Crotty', 1, '2017-02-15', 43, 2),
(741, 'Davie Banck', 30, '2017-06-01', 22, 1),
(742, 'Kile Headford', 21, '2017-06-13', 32, 1),
(743, 'Chris Rosnau', 9, '2018-09-29', 44, 1),
(744, 'Patrice Dietsche', 26, '2016-05-27', 18, 1),
(745, 'Megan Ruthven', 3, '2019-12-06', 42, 1),
(746, 'Jephthah Delagnes', 22, '2017-05-23', 11, 1),
(747, 'Donia Desson', 2, '2019-09-24', 36, 2),
(748, 'Raf Gilleson', 29, '2017-07-11', 49, 2),
(749, 'Nonah Toffetto', 16, '2018-04-05', 23, 1),
(750, 'Karrah Bretelle', 2, '2018-09-19', 6, 1),
(751, 'Aloysia Lorenzin', 16, '2019-03-06', 9, 1),
(752, 'Lindy Labrenz', 6, '2018-07-02', 33, 2),
(753, 'Prudence Dallimare', 23, '2019-06-29', 29, 2),
(754, 'Reggi Pennycord', 16, '2018-01-21', 35, 2),
(755, 'Antonella Guiet', 12, '2016-12-26', 47, 1),
(756, 'Demetris Hardes', 15, '2019-12-13', 27, 1),
(757, 'Sofia Rolstone', 1, '2019-02-05', 29, 2),
(758, 'Lorilee Harkess', 23, '2017-08-21', 18, 2),
(759, 'Christoph Danaher', 28, '2019-07-16', 28, 2),
(760, 'Clementine La Batie', 21, '2019-04-07', 22, 1),
(761, 'Sidnee Hardware', 5, '2019-07-26', 13, 2),
(762, 'Lorin Hedingham', 7, '2016-04-16', 20, 1),
(763, 'Chuck Lubeck', 29, '2019-09-14', 36, 1),
(764, 'Harrie Phethean', 29, '2018-03-03', 26, 1),
(765, 'Maxim Huffer', 29, '2018-03-23', 23, 2),
(766, 'Georgeanna Maffetti', 1, '2017-10-10', 42, 2),
(767, 'Doralin Broddle', 30, '2019-10-14', 22, 1),
(768, 'Gwenore Haucke', 23, '2017-03-24', 16, 2),
(769, 'Eadmund Le Brum', 20, '2018-05-30', 48, 1),
(770, 'Corina Lenihan', 27, '2016-06-12', 22, 2),
(771, 'Skipton Peris', 16, '2016-10-10', 14, 2),
(772, 'Gerome Boag', 27, '2019-08-26', 9, 1),
(773, 'Dietrich Gillbanks', 3, '2018-07-21', 48, 1),
(774, 'Phillipe Reason', 29, '2016-01-29', 47, 2),
(775, 'Fayette Winslow', 25, '2016-05-24', 38, 2),
(776, 'Kassie Spinney', 12, '2017-01-17', 5, 2),
(777, 'Ashton Sandells', 22, '2018-06-26', 30, 2),
(778, 'Fionna Piesing', 12, '2019-11-15', 7, 1),
(779, 'Jeff Roffe', 13, '2018-06-08', 16, 2),
(780, 'Lucienne Skitteral', 11, '2019-04-29', 41, 2),
(781, 'Jeromy Davidowich', 1, '2016-09-19', 48, 1),
(782, 'Bryn Maud', 6, '2018-12-23', 10, 2),
(783, 'Kellia Fetter', 30, '2017-09-03', 24, 2),
(784, 'Bendix Nabbs', 11, '2019-06-08', 38, 1),
(785, 'Tabbie Patman', 14, '2017-08-16', 32, 2),
(786, 'Blair Haysman', 9, '2017-05-31', 50, 2),
(787, 'Laural Kilmurray', 24, '2019-11-17', 45, 1),
(788, 'Cherie MacDaid', 9, '2017-12-02', 34, 2),
(789, 'Ikey Breming', 4, '2017-07-03', 21, 1),
(790, 'Grover Packe', 17, '2016-02-13', 19, 1),
(791, 'Bellanca Bogays', 1, '2016-02-06', 20, 2),
(792, 'Halimeda Triebner', 25, '2017-02-05', 40, 2),
(793, 'Toiboid Bazell', 14, '2019-07-21', 3, 1),
(794, 'Edouard Durban', 1, '2019-07-09', 31, 1),
(795, 'Lorin Gallacher', 28, '2018-08-12', 23, 2),
(796, 'Andreana Bockett', 29, '2019-01-22', 48, 2),
(797, 'Dalia Cella', 16, '2016-01-03', 16, 1),
(798, 'Tresa Nicholl', 19, '2018-06-09', 30, 1),
(799, 'Hamlin Paike', 14, '2017-04-23', 49, 1),
(800, 'Bridget Kittle', 9, '2019-12-02', 31, 1),
(801, 'Maureene Ommundsen', 7, '2017-10-26', 37, 1),
(802, 'Ronny Gilbard', 5, '2017-07-16', 4, 2),
(803, 'Elora Durrett', 9, '2017-04-03', 34, 1),
(804, 'Loise Howland', 26, '2019-01-12', 15, 1),
(805, 'Reeba McGurn', 17, '2017-02-09', 35, 2),
(806, 'Aldwin Inker', 11, '2018-07-10', 42, 1),
(807, 'Luce Grantham', 28, '2016-03-12', 13, 2),
(808, 'Laurice Grindlay', 26, '2016-01-25', 23, 1),
(809, 'Dotty Tellenbroker', 25, '2018-05-30', 17, 1),
(810, 'Keir Hazlewood', 18, '2016-03-27', 40, 1),
(811, 'Rosalinda Faithfull', 21, '2016-09-18', 6, 1),
(812, 'Giff Comelli', 6, '2018-02-06', 8, 1),
(813, 'Kim Bubb', 1, '2018-01-20', 19, 2),
(814, 'Fina Guiot', 4, '2017-07-09', 31, 1),
(815, 'Nikola Cluelow', 12, '2017-03-07', 36, 2),
(816, 'Celie Cleiment', 16, '2017-10-06', 15, 2),
(817, 'Joela Aujean', 12, '2019-12-17', 15, 1),
(818, 'Roxanne Tilne', 14, '2017-04-15', 44, 2),
(819, 'Borg Probate', 13, '2016-08-10', 20, 1),
(820, 'Susanetta Bunch', 4, '2018-06-05', 1, 2),
(821, 'Kirby Scarisbrick', 13, '2018-08-23', 10, 1),
(822, 'Jone Storie', 29, '2018-10-26', 12, 1),
(823, 'Gunter Boame', 20, '2017-01-03', 36, 1),
(824, 'Minna Lindsey', 12, '2018-12-13', 8, 2),
(825, 'Art Idiens', 27, '2017-09-23', 42, 1),
(826, 'julian', 2, '2019-11-19', 8, 1),
(827, 'alexander', 2, '2019-11-19', 8, 1),
(828, 'hector', 3, '2020-01-03', 11, 1),
(829, 'hernesto flores', 4, '2019-11-19', 6, 1),
(830, 'andres', 2, '2019-11-19', 3, 1),
(831, 'tomas', 1, '2019-11-19', 3, 1),
(832, 'maria', 2, '2019-11-19', 6, 1),
(833, 'mariela', 1, '2019-11-19', 3, 1),
(834, 'jorge alva', 2, '2019-11-19', 7, 1),
(835, 'jorge', 2, '2019-11-19', 9, 1),
(836, 'armando', 2, '2019-11-18', 9, 1),
(837, 'ximena', 5, '2019-11-16', 2, 1),
(838, 'sara mamani', 5, '2019-11-17', 2, 1),
(839, 'fatbriso', 2, '2019-11-17', 2, 1),
(840, 'angustino', 2, '2019-10-05', 3, 1),
(1026, 'Jose Sa', 3, '2017-03-07', 3, 1),
(1027, 'Juan perez', 3, '2017-03-07', 3, 1);

--
-- Índices para tablas volcadas
--

--
-- Indices de la tabla `compras`
--
ALTER TABLE `compras`
  ADD PRIMARY KEY (`id_comp`),
  ADD KEY `productos_id_prod` (`productos_id_prod`),
  ADD KEY `propietario_id_prop` (`propietario_id_prop`),
  ADD KEY `proveedor_id_prov` (`proveedor_id_prov`);

--
-- Indices de la tabla `empleado`
--
ALTER TABLE `empleado`
  ADD PRIMARY KEY (`id_prop`),
  ADD KEY `tipo_usuario_id_tipo_usu` (`tipo_usuario_id_tipo_usu`);

--
-- Indices de la tabla `gastos`
--
ALTER TABLE `gastos`
  ADD PRIMARY KEY (`id_gast`),
  ADD KEY `propietario_id_prop` (`propietario_id_prop`);

--
-- Indices de la tabla `productos`
--
ALTER TABLE `productos`
  ADD PRIMARY KEY (`id_prod`),
  ADD KEY `tipo_prod_idtipo_prod` (`tipo_prod_idtipo_prod`);

--
-- Indices de la tabla `proveedor`
--
ALTER TABLE `proveedor`
  ADD PRIMARY KEY (`id_prov`);

--
-- Indices de la tabla `tipo_prod`
--
ALTER TABLE `tipo_prod`
  ADD PRIMARY KEY (`idtipo_prod`);

--
-- Indices de la tabla `tipo_usuario`
--
ALTER TABLE `tipo_usuario`
  ADD PRIMARY KEY (`id_tipo_usu`);

--
-- Indices de la tabla `venta`
--
ALTER TABLE `venta`
  ADD PRIMARY KEY (`id_vent`),
  ADD KEY `productos_id_prod` (`productos_id_prod`),
  ADD KEY `usuario_id_prop` (`usuario_id_prop`);

--
-- AUTO_INCREMENT de las tablas volcadas
--

--
-- AUTO_INCREMENT de la tabla `compras`
--
ALTER TABLE `compras`
  MODIFY `id_comp` int(11) NOT NULL AUTO_INCREMENT, AUTO_INCREMENT=1026;

--
-- AUTO_INCREMENT de la tabla `empleado`
--
ALTER TABLE `empleado`
  MODIFY `id_prop` int(11) NOT NULL AUTO_INCREMENT, AUTO_INCREMENT=8;

--
-- AUTO_INCREMENT de la tabla `gastos`
--
ALTER TABLE `gastos`
  MODIFY `id_gast` int(11) NOT NULL AUTO_INCREMENT, AUTO_INCREMENT=515;

--
-- AUTO_INCREMENT de la tabla `productos`
--
ALTER TABLE `productos`
  MODIFY `id_prod` int(11) NOT NULL AUTO_INCREMENT, AUTO_INCREMENT=68;

--
-- AUTO_INCREMENT de la tabla `proveedor`
--
ALTER TABLE `proveedor`
  MODIFY `id_prov` int(11) NOT NULL AUTO_INCREMENT, AUTO_INCREMENT=6;

--
-- AUTO_INCREMENT de la tabla `tipo_prod`
--
ALTER TABLE `tipo_prod`
  MODIFY `idtipo_prod` int(11) NOT NULL AUTO_INCREMENT, AUTO_INCREMENT=13;

--
-- AUTO_INCREMENT de la tabla `tipo_usuario`
--
ALTER TABLE `tipo_usuario`
  MODIFY `id_tipo_usu` int(11) NOT NULL AUTO_INCREMENT, AUTO_INCREMENT=3;

--
-- AUTO_INCREMENT de la tabla `venta`
--
ALTER TABLE `venta`
  MODIFY `id_vent` int(11) NOT NULL AUTO_INCREMENT, AUTO_INCREMENT=1028;

--
-- Restricciones para tablas volcadas
--

--
-- Filtros para la tabla `compras`
--
ALTER TABLE `compras`
  ADD CONSTRAINT `compras_ibfk_1` FOREIGN KEY (`productos_id_prod`) REFERENCES `productos` (`id_prod`),
  ADD CONSTRAINT `compras_ibfk_2` FOREIGN KEY (`propietario_id_prop`) REFERENCES `empleado` (`id_prop`),
  ADD CONSTRAINT `compras_ibfk_3` FOREIGN KEY (`proveedor_id_prov`) REFERENCES `proveedor` (`id_prov`);

--
-- Filtros para la tabla `empleado`
--
ALTER TABLE `empleado`
  ADD CONSTRAINT `empleado_ibfk_1` FOREIGN KEY (`tipo_usuario_id_tipo_usu`) REFERENCES `tipo_usuario` (`id_tipo_usu`);

--
-- Filtros para la tabla `gastos`
--
ALTER TABLE `gastos`
  ADD CONSTRAINT `gastos_ibfk_1` FOREIGN KEY (`propietario_id_prop`) REFERENCES `empleado` (`id_prop`);

--
-- Filtros para la tabla `productos`
--
ALTER TABLE `productos`
  ADD CONSTRAINT `productos_ibfk_1` FOREIGN KEY (`tipo_prod_idtipo_prod`) REFERENCES `tipo_prod` (`idtipo_prod`);

--
-- Filtros para la tabla `venta`
--
ALTER TABLE `venta`
  ADD CONSTRAINT `venta_ibfk_1` FOREIGN KEY (`productos_id_prod`) REFERENCES `productos` (`id_prod`),
  ADD CONSTRAINT `venta_ibfk_2` FOREIGN KEY (`usuario_id_prop`) REFERENCES `empleado` (`id_prop`);
COMMIT;

/*!40101 SET CHARACTER_SET_CLIENT=@OLD_CHARACTER_SET_CLIENT */;
/*!40101 SET CHARACTER_SET_RESULTS=@OLD_CHARACTER_SET_RESULTS */;
/*!40101 SET COLLATION_CONNECTION=@OLD_COLLATION_CONNECTION */;
